Name,Pass,Ikon,Epic,otherMultiResortPass,Famous,state,summit,drop,base,trams,fastEight,fastSixes,fastQuads,quad,triple,double,surface,total,Runs,Terrain Parks,Longest Run,Skiable Terrain,Snow Making,daysOpenLastYear,projectedDaysOpen,"Avg(daysOpenLastYear, projectedDaysOpen)",NightSkiing,Night Skiing,mi Pistes,MI Night Skiing,mi Snow Making,yearsOpen,averageSnowfall,AdultWeekday,AdultWeekend,Url,adultWeekdayPriceNote,adultWeekendPriceNote,fastEightNote,snowfallNote,yearOpenNote,daysOpenNote
Alyeska Resort,0,0,0,0,1,Alaska,3939,2500,250,1,0,0,2,2,0,0,2,7,76,2,1,1610,113,150,150,150,1,550,,,,60,669,65,85,http://www.onthesnow.com/alaska/alyeska-resort/ski-resort.html,,,,,,
Eaglecrest Ski Area,1,0,0,1,0,Alaska,2600,1540,1200,0,0,0,0,0,0,4,0,4,36,1,2,640,60,45,90,67.5,1,,,,,44,350,47,53,http://www.onthesnow.com/alaska/eaglecrest-ski-area/ski-resort.html,,,,,,
Hilltop Ski Area,0,0,0,0,0,Alaska,2090,294,1796,0,0,0,0,0,1,0,2,3,13,1,1,30,30,150,152,151,1,30,,,,36,69,30,34,http://www.onthesnow.com/alaska/hilltop-ski-area/ski-resort.html,,,,,,
Arizona Snowbowl,1,0,0,1,0,Arizona,11500,2300,9200,0,0,1,0,2,2,1,2,8,55,4,2,777,104,122,122,122,0,,,,,81,260,89,89,http://www.onthesnow.com/arizona/arizona-snowbowl/ski-resort.html,,,,,,
Sunrise Park Resort,0,0,0,0,0,Arizona,11100,1800,9200,0,0,0,1,2,3,1,0,7,65,2,1.2,800,80,115,104,109.5,1,80,,,,49,250,74,78,http://www.onthesnow.com/arizona/sunrise-park-resort/ski-resort.html,,,Check fast eight lift info.,,,
Yosemite Ski & Snowboard Area,0,0,0,0,0,California,7800,600,7200,0,0,0,0,0,1,3,1,5,10,2,0.4,88,0,110,107,108.5,0,,,,,84,300,47,47,http://www.onthesnow.com/california/badger-pass/ski-resort.html,,,,,,
Bear Mountain,1,1,0,0,0,California,8805,1665,7140,0,0,0,2,1,2,3,4,12,27,14,1.5,198,198,122,130,126,1,,,,,76,100,89,99,http://www.onthesnow.com/california/bear-mountain/ski-resort.html,Check adult weekday price info.,Check adult weekday price info.,,,,
Bear Valley,0,0,0,0,0,California,8500,1900,6600,0,0,1,1,0,2,4,2,10,67,2,1.2,1680,100,165,151,158,0,,,,,52,359,99,99,http://www.onthesnow.com/california/bear-valley/ski-resort.html,Check adult weekday price info.,Check adult weekday price info.,,,,
Boreal Mountain Resort,0,0,0,0,0,California,7700,500,7200,0,0,0,1,1,3,1,2,8,33,6,1,380,200,150,150,150,1,200,,,,54,400,74,79,http://www.onthesnow.com/california/boreal/ski-resort.html,,Check adult weekday price info.,,,,
Dodge Ridge,0,0,0,0,0,California,8200,1600,6600,0,0,0,0,1,2,5,4,12,67,5,2,862,0,,140,140,0,,,,,69,350,78,78,http://www.onthesnow.com/california/dodge-ridge/ski-resort.html,,,,,,Check days info
Donner Ski Ranch,0,0,0,0,0,California,8012,750,7031,0,0,0,0,0,1,5,2,8,52,2,1.5,505,60,163,170,166.5,0,,,,,82,400,75,75,http://www.onthesnow.com/california/donner-ski-ranch/ski-resort.html,,,,,,
Heavenly Mountain Resort,1,0,1,0,1,California,10067,3500,7170,2,0,2,7,1,5,3,8,28,97,3,5.5,4800,3379,155,157,156,0,,,,,64,360,154,154,http://www.onthesnow.com/california/heavenly-mountain-resort/ski-resort.html,Check adult weekday price info.,Check adult weekday price info.,,,,
June Mountain,1,1,0,0,0,California,10090,2590,7545,0,0,0,2,0,0,4,1,7,41,2,2,1500,0,,128,128,0,,,,,58,250,139,139,http://www.onthesnow.com/california/june-mountain/ski-resort.html,Check adult weekday price info.,Check adult weekday price info.,Check fast eight lift info.,,,Check days info
Kirkwood,1,0,1,0,1,California,9800,2000,7800,0,0,0,2,1,5,1,3,12,85,2,2.5,2300,200,200,167,183.5,0,,,,,47,354,117,117,http://www.onthesnow.com/california/kirkwood/ski-resort.html,Check adult weekday price info.,Check adult weekday price info.,,,,
Mammoth Mountain Ski Area,1,1,0,1,1,California,11053,3100,7953,3,0,2,9,1,6,4,0,25,154,7,3,3500,700,243,,243,0,,,,,66,400,149,159,http://www.onthesnow.com/california/mammoth-mountain-ski-area/ski-resort.html,,,,,,Check days info
Mt. Shasta Ski Park,0,0,0,0,0,California,6890,1435,5500,0,0,0,0,0,3,0,1,4,32,2,1.1,425,225,140,130,135,0,,,,,34,300,49,59,http://www.onthesnow.com/california/mount-shasta-board-ski-park/ski-resort.html,,,Check fast eight lift info.,,,
Mountain High,1,0,0,1,0,California,8200,1600,6600,0,0,0,2,2,2,5,3,14,59,1,1.6,290,275,118,150,134,1,73,,,,95,108,84,84,http://www.onthesnow.com/california/mountain-high/ski-resort.html,,,Check fast eight lift info.,,,
Mt. Baldy,0,0,0,0,0,California,8600,2100,6500,0,0,0,0,0,0,4,0,4,26,0,2.5,400,80,175,200,187.5,0,,,,,67,178,69,69,http://www.onthesnow.com/california/mt-baldy/ski-resort.html,,,Check fast eight lift info.,,,
Northstar California,1,0,1,0,1,California,8610,2280,6330,2,0,1,7,1,2,0,7,20,100,9,1.4,3170,1500,135,150,142.5,0,,,,,47,350,160,160,http://www.onthesnow.com/california/northstar-california/ski-resort.html,Check adult weekday price info.,Check adult weekday price info.,,,,
Sierra-at-Tahoe,1,0,0,1,0,California,8852,2212,6640,0,0,0,3,0,1,5,5,14,46,6,2.5,2000,200,160,144,152,0,,,,,73,460,105,110,http://www.onthesnow.com/california/sierra-at-tahoe/ski-resort.html,,Check adult weekday price info.,Check fast eight lift info.,,,
Ski China Peak,1,0,0,1,0,California,8709,1679,7030,0,0,0,0,1,4,2,4,11,45,1,2.2,1400,150,140,144,142,0,,,,12.4,62,300,83,83,http://www.onthesnow.com/california/ski-china-peak/ski-resort.html,,,,,,
Snow Summit,0,0,0,0,0,California,8200,1200,7000,0,0,0,2,0,4,5,5,16,27,6,1.2,240,240,,130,130,1,150,,,,67,100,99,99,http://www.onthesnow.com/california/snow-summit/ski-resort.html,Check adult weekday price info.,Check adult weekday price info.,,,,Check days info
Snow Valley,0,0,0,0,0,California,7841,1041,6800,0,0,0,0,0,5,6,1,12,28,6,1.2,240,188,111,143,127,1,164,,,,82,160,69,79,http://www.onthesnow.com/california/snow-valley/ski-resort.html,,,Check fast eight lift info.,,,
Soda Springs,0,0,0,0,0,California,7352,652,6700,0,0,0,0,0,1,1,2,4,18,0,0.4,200,20,150,144,147,0,,,,,83,400,50,50,http://www.onthesnow.com/california/soda-springs/ski-resort.html,,,Check fast eight lift info.,,,
Squaw Valley - Alpine Meadows,1,1,0,1,1,California,9050,2850,6200,2,0,5,5,1,12,10,7,42,230,5,3.2,6000,1000,193,,193,0,,,,,70,450,169,169,https://www.onthesnow.com/california/squaw-valley-usa/ski-resort.html,,,,,,
Sugar Bowl Resort,1,0,0,1,0,California,8383,1500,6883,1,0,0,5,3,1,0,2,12,105,3,3,1650,375,151,150,150.5,0,,,,,80,500,125,125,http://www.onthesnow.com/california/sugar-bowl-resort/ski-resort.html,,,,,,
Tahoe Donner,0,0,0,0,0,California,7350,600,6750,0,0,0,0,1,1,0,3,5,14,2,1,120,0,150,144,147,0,,,,,48,400,69,69,http://www.onthesnow.com/california/tahoe-donner/ski-resort.html,,,,,,
Arapahoe Basin Ski Area,0,0,0,0,1,Colorado,13050,2530,10780,0,0,0,1,2,1,2,3,9,145,3,1.5,1428,125,230,233,231.5,0,,,,,73,350,85,85,http://www.onthesnow.com/colorado/arapahoe-basin-ski-area/ski-resort.html,,,,,,
Aspen / Snowmass,1,1,0,1,1,Colorado,12510,4406,8104,3,0,1,15,4,3,5,9,40,336,10,5.3,5517,658,138,138,138,0,,,,,72,300,179,179,http://www.onthesnow.com/colorado/aspen-snowmass/ski-resort.html,,,,,,
Beaver Creek,1,0,1,0,1,Colorado,11440,3340,8100,2,0,0,11,0,1,1,9,24,150,3,2.8,1832,650,145,138,141.5,0,,,,,39,323,199,199,http://www.onthesnow.com/colorado/beaver-creek/ski-resort.html,Check adult weekday price info.,Check adult weekday price info.,,,,
Breckenridge,1,0,1,0,1,Colorado,12998,3398,9600,1,0,5,6,0,1,6,15,34,187,4,3.5,2908,600,182,163,172.5,0,,,,,58,300,179,179,http://www.onthesnow.com/colorado/breckenridge/ski-resort.html,Check adult weekday price info.,Check adult weekday price info.,,,,
Copper Mountain Resort,1,1,0,1,0,Colorado,12313,2738,9712,1,0,2,4,0,4,4,9,24,150,6,1.7,2527,364,164,164,164,0,,,,,47,300,158,158,http://www.onthesnow.com/colorado/copper-mountain-resort/ski-resort.html,,,,,,
Crested Butte Mountain Resort,1,0,1,0,1,Colorado,12162,3062,9375,0,0,0,4,2,2,1,5,14,121,4,2.6,1547,297,145,131,138,0,,,,,58,234,99,99,http://www.onthesnow.com/colorado/crested-butte-mountain-resort/ski-resort.html,Check adult weekday price info.,Check adult weekday price info.,,,,
Purgatory,1,0,0,1,0,Colorado,10822,2029,8793,0,0,1,2,0,3,3,3,12,101,9,1.3,1605,250,130,130,130,0,,,,,54,260,89,89,http://www.onthesnow.com/colorado/durango-mountain-resort/ski-resort.html,,,,,,
Eldora Mountain Resort,1,1,0,0,0,Colorado,10600,1400,9200,0,0,1,0,2,1,3,3,10,65,8,3,680,680,147,150,148.5,0,,,,,57,311,99,99,http://www.onthesnow.com/colorado/eldora-mountain-resort/ski-resort.html,Check adult weekday price info.,Check adult weekday price info.,,,,
Howelsen Hill,0,0,0,0,0,Colorado,7136,440,6696,0,0,0,0,0,0,1,3,4,17,1,6,50,25,100,100,100,1,10,,,,104,150,25,25,http://www.onthesnow.com/colorado/howelsen-hill/ski-resort.html,,,Check fast eight lift info.,,,
Keystone,1,0,1,0,1,Colorado,12408,3128,9280,2,0,2,4,1,1,2,8,20,128,1,3.5,3148,662,184,,184,1,288,,,,49,235,169,169,http://www.onthesnow.com/colorado/keystone/ski-resort.html,Check adult weekday price info.,Check adult weekday price info.,,,,Check days info
Loveland,1,0,0,1,0,Colorado,13010,2210,10800,0,0,0,1,3,3,2,1,10,94,1,2,1800,240,205,184,194.5,0,,,,,82,422,79,79,http://www.onthesnow.com/colorado/loveland/ski-resort.html,,,,,,
Monarch Mountain,1,0,0,1,0,Colorado,11952,1162,10790,0,0,0,0,1,0,4,2,7,64,2,1,800,0,143,136,139.5,0,,,,,80,350,89,89,http://www.onthesnow.com/colorado/monarch-mountain/ski-resort.html,,,,,,
Powderhorn,1,0,0,1,0,Colorado,9850,1650,8200,0,0,0,1,0,0,2,2,5,42,2,1.5,1600,42,111,110,110.5,0,,,,,53,250,71,71,http://www.onthesnow.com/colorado/powderhorn/ski-resort.html,,,,,,
Silverton Mountain,0,0,0,0,0,Colorado,13487,3087,10400,0,0,0,0,0,0,1,0,1,69,0,1.5,26819,0,175,181,178,0,,0.9,,,17,400,79,79,http://www.onthesnow.com/colorado/silverton-mountain/ski-resort.html,,,,,,
Cooper,1,0,0,1,0,Colorado,11700,1200,10500,0,0,0,0,0,1,1,2,4,41,1,1,400,0,130,130,130,0,,,,,74,260,56,56,http://www.onthesnow.com/colorado/ski-cooper/ski-resort.html,,,,,,
Ski Granby Ranch,0,0,0,0,0,Colorado,9202,1000,8202,0,0,0,2,0,1,1,1,5,40,1,0.6,406,170,116,92,104,1,100,,,,36,220,84,84,http://www.onthesnow.com/colorado/ski-granby-ranch/ski-resort.html,,,,,,
Steamboat,1,1,0,0,1,Colorado,10568,3668,6900,1,0,1,6,0,5,2,3,18,169,4,3,2965,375,145,145,145,1,30,,,,56,336,,,http://www.onthesnow.com/colorado/steamboat/ski-resort.html,Check adult weekday price info.,Check adult weekday price info.,,,,
Sunlight Mountain Resort,1,0,0,1,0,Colorado,9895,2010,7885,0,0,0,0,0,1,2,0,3,67,1,2.5,680,30,100,135,117.5,0,,,,,53,250,65,65,http://www.onthesnow.com/colorado/sunlight-mountain-resort/ski-resort.html,,,,,,
Telluride,1,0,1,0,1,Colorado,13150,4425,8725,2,0,0,6,1,2,2,4,17,148,3,4.6,2000,220,131,137,134,0,,,,,47,280,139,139,http://www.onthesnow.com/colorado/telluride/ski-resort.html,,,,,,
Vail,1,0,1,0,1,Colorado,11570,3450,8120,2,0,3,15,1,1,0,9,31,195,3,4,5289,461,149,142,145.5,0,,,,,57,354,199,199,http://www.onthesnow.com/colorado/vail/ski-resort.html,Check adult weekday price info.,Check adult weekday price info.,,,,
Winter Park Resort,1,1,0,0,1,Colorado,12060,3060,9000,1,0,2,7,0,4,6,5,25,166,7,4.9,3081,313,158,151,154.5,0,,,,,79,360,169,169,http://www.onthesnow.com/colorado/winter-park-resort/ski-resort.html,Check adult weekday price info.,Check adult weekday price info.,,,,
Wolf Creek Ski Area,0,0,0,0,0,Colorado,11904,1604,10300,0,0,0,3,1,2,1,3,10,120,0,2,1600,5,130,150,140,0,,,,,80,430,72,72,http://www.onthesnow.com/colorado/wolf-creek-ski-area/ski-resort.html,,,,,,
Mohawk Mountain,0,0,0,0,0,Connecticut,1600,650,950,0,0,0,0,0,5,0,3,8,25,0,1.5,107,100,,110,110,1,64,,,,72,92,30,65,http://www.onthesnow.com/connecticut/mohawk-mountain/ski-resort.html,,,Check fast eight lift info.,,,Check days info
Mount Southington Ski Area,0,0,0,0,0,Connecticut,525,425,100,0,0,0,0,0,2,2,3,7,14,2,0.3,51,51,63,95,79,1,51,,,,55,80,60,60,http://www.onthesnow.com/connecticut/mount-southington-ski-area/ski-resort.html,,,Check fast eight lift info.,,,
Powder Ridge Park,0,0,0,0,0,Connecticut,720,550,170,0,0,0,0,0,1,2,2,5,19,4,0.5,80,68,80,100,90,1,40,,,,60,80,45,55,http://www.onthesnow.com/connecticut/powder-ridge-park/ski-resort.html,,,,,,
Ski Sundown,0,0,0,0,0,Connecticut,1075,625,450,0,0,0,0,0,3,0,2,5,16,2,1,70,70,84,95,89.5,1,66,,,,50,45,62,62,http://www.onthesnow.com/connecticut/ski-sundown/ski-resort.html,,,,,,
Woodbury Ski Area,0,0,0,0,0,Connecticut,730,300,430,0,0,0,0,0,0,1,4,5,12,2,0.2,50,50,126,180,153,1,35,,,,57,70,42,42,http://www.onthesnow.com/connecticut/woodbury-ski-area/ski-resort.html,,,Check fast eight lift info.,,,
Bogus Basin,1,0,0,1,0,Idaho,7582,1800,5800,0,0,0,3,0,1,3,4,11,91,3,1.5,2600,0,134,130,132,1,165,,,,77,250,64,64,http://www.onthesnow.com/idaho/bogus-basin/ski-resort.html,,,Check fast eight lift info.,,,
Brundage Mountain Resort,0,0,0,0,0,Idaho,7640,1800,5840,0,0,0,1,0,4,0,1,6,51,2,3.2,1920,2,126,,126,0,,,,,58,320,70,70,http://www.onthesnow.com/idaho/brundage-mountain-resort/ski-resort.html,,,Check fast eight lift info.,,,Check days info
Kelly Canyon Ski Area,0,0,0,0,0,Idaho,6600,1000,5600,0,0,0,0,0,0,4,2,6,51,1,1.3,740,0,118,92,105,0,,,,,62,200,42,42,http://www.onthesnow.com/idaho/kelly-canyon-ski-area/ski-resort.html,Check adult weekday price info.,,Check fast eight lift info.,,,Check days info
Lookout Pass Ski Area,0,0,0,0,0,Idaho,5650,1150,4500,0,0,0,0,0,1,3,0,4,35,2,1.5,540,0,113,140,126.5,0,,,,,84,400,44,47,http://www.onthesnow.com/idaho/lookout-pass-ski-area/ski-resort.html,,,,,,
Magic Mountain Ski Area,0,0,0,0,0,Idaho,7200,700,6500,0,0,0,0,0,0,1,2,3,11,0,1.5,280,0,65,70,67.5,0,,,,,81,180,32,32,http://www.onthesnow.com/idaho/magic-mountain-ski-area/ski-resort.html,,,Check fast eight lift info.,,,
Pebble Creek Ski Area,0,0,0,0,0,Idaho,8560,2200,6360,0,0,0,0,0,3,0,0,3,54,2,1.3,1100,30,85,91,88,1,30,2.7,,,70,250,47,47,http://www.onthesnow.com/idaho/pebble-creek-ski-area/ski-resort.html,,,,,,
Pomerelle Mountain Resort,0,0,0,0,0,Idaho,9000,1000,8000,0,0,0,0,0,1,1,1,3,24,2,1.5,500,50,138,138,138,1,100,,,,56,500,45,45,http://www.onthesnow.com/idaho/pomerelle-mountain-resort/ski-resort.html,Check adult weekday price info.,Check adult weekday price info.,Check fast eight lift info.,,,
Schweitzer,1,0,0,1,0,Idaho,6400,2400,4000,0,0,1,2,0,1,3,2,9,92,3,2.1,2900,47,136,,136,1,100,,,,56,300,81,81,http://www.onthesnow.com/idaho/schweitzer/ski-resort.html,,,,,,Check days info
Silver Mountain,0,0,0,0,0,Idaho,6300,2200,4100,1,0,0,0,1,2,2,1,7,80,2,2.5,1600,225,130,193,161.5,1,20,,,,29,300,57,62,http://www.onthesnow.com/idaho/silver-mountain/ski-resort.html,,,,,,
Soldier Mountain Ski Area,0,0,0,0,0,Idaho,7200,1400,5800,0,0,0,0,0,0,2,1,3,36,0,0.4,1142,0,60,,60,0,,,,,71,,43,43,http://www.onthesnow.com/idaho/soldier-mountain-ski-area/ski-resort.html,,,Check fast eight lift info.,Check snowfall info.,,Check days info
Sun Valley,1,0,0,1,0,Idaho,9150,3400,5750,1,0,0,9,0,3,2,3,18,120,7,3,2054,645,149,137,143,0,,,,,83,220,87,88,http://www.onthesnow.com/idaho/sun-valley/ski-resort.html,Check adult weekday price info.,Check adult weekday price info.,,,,
Tamarack Resort,0,0,0,0,0,Idaho,7700,2800,4900,0,0,0,2,2,0,0,2,6,48,3,1.5,1020,200,,150,150,0,,,,,15,300,71,71,http://www.onthesnow.com/idaho/tamarack-resort/ski-resort.html,,,,,,Check days info
Chestnut Mountain Resort,0,0,0,0,0,Illinois,1040,475,565,0,0,0,0,2,4,0,3,9,22,3,0.2,139,139,87,112,99.5,1,139,,,,60,50,40,55,http://www.onthesnow.com/illinois/chestnut-mountain-resort/ski-resort.html,,,Check fast eight lift info.,,,
Four Lakes,0,0,0,0,0,Illinois,500,100,400,0,0,0,0,0,0,0,7,7,7,1,0.1,9,9,78,70,74,1,9,,,,58,24,23,28,http://www.onthesnow.com/illinois/four-lakes/ski-resort.html,Check adult weekday price info.,Check adult weekday price info.,Check fast eight lift info.,,,
Ski Snowstar Winter Sports Park,0,0,0,0,0,Illinois,790,262,528,0,0,0,0,2,0,2,2,6,15,1,0.8,28,28,56,86,71,1,28,,,,38,38,25,35,http://www.onthesnow.com/illinois/ski-snowstar-winter-sports-park/ski-resort.html,,,Check fast eight lift info.,,,
Villa Olivia,0,0,0,0,0,Illinois,500,180,320,0,0,0,0,1,0,0,6,7,7,1,0.1,15,15,,70,70,1,15,,,,53,25,40,40,http://www.onthesnow.com/illinois/villa-olivia/ski-resort.html,,,Check fast eight lift info.,,,Check days info
Paoli Peaks,0,0,0,0,0,Indiana,900,300,600,0,0,0,1,1,3,1,2,8,15,2,0.4,65,65,75,80,77.5,1,65,,,,41,18,38,45,http://www.onthesnow.com/indiana/paoli-peaks/ski-resort.html,,,,,,
Perfect North Slopes,0,0,0,0,0,Indiana,800,400,400,0,0,0,0,2,3,0,6,11,23,2,1,100,100,82,90,86,1,100,,,,39,24,52,52,http://www.onthesnow.com/indiana/perfect-north-slopes/ski-resort.html,,,Check fast eight lift info.,,,
Mt. Crescent Ski Area,0,0,0,0,0,Iowa,1500,300,1200,0,0,0,0,1,0,1,0,2,11,1,0.2,50,50,,90,90,1,50,,,,58,30,29,39,http://www.onthesnow.com/iowa/mt-crescent-ski-area/ski-resort.html,,,Check fast eight lift info.,,,Check days info
Seven Oaks,0,0,0,0,0,Iowa,975,275,800,0,0,0,0,0,2,0,2,4,11,2,1,35,35,100,100,100,1,35,,,,22,40,40,40,http://www.onthesnow.com/iowa/seven-oaks/ski-resort.html,,,,,,
Sundown Mountain,0,0,0,0,0,Iowa,1059,475,584,0,0,0,0,1,1,2,2,6,21,2,0.6,55,55,,98,98,1,55,,,,46,45,38,46,http://www.onthesnow.com/iowa/sundown-mountain/ski-resort.html,,,Check fast eight lift info.,,,Check days info
Big Squaw Mountain Ski Resort,0,0,0,0,0,Maine,3200,660,1750,0,0,0,0,0,1,0,0,1,29,0,0.8,,0,67,58,62.5,0,,,,,6,,30,30,http://www.onthesnow.com/maine/big-squaw-mountain-ski-resort/ski-resort.html,,,Check fast eight lift info.,Check snowfall info.,,
Camden Snow Bowl,0,0,0,0,0,Maine,1080,850,150,0,0,0,0,0,1,1,1,3,26,2,1,100,48,68,70,69,1,48,,,,83,69,33,43,http://www.onthesnow.com/maine/camden-snow-bowl/ski-resort.html,,,Check fast eight lift info.,,,
Lost Valley,1,0,0,1,0,Maine,495,240,255,0,0,0,0,0,0,2,2,4,22,2,0.3,45,45,87,104,95.5,1,45,,,,58,50,29,55,http://www.onthesnow.com/maine/lost-valley/ski-resort.html,,,Check fast eight lift info.,,,
Mt. Abram Ski Resort,0,0,0,0,0,Maine,2250,1150,1050,0,0,0,0,0,0,2,3,5,54,1,0.5,640,175,120,120,120,0,,,,,59,125,29,49,http://www.onthesnow.com/maine/mt-abram-ski-resort/ski-resort.html,,,,,,
Mt. Jefferson,0,0,0,0,0,Maine,753,432,351,0,0,0,0,0,0,0,3,3,10,0,0.3,12,0,,95,95,0,,,,,19,,25,25,http://www.onthesnow.com/maine/mt-jefferson/ski-resort.html,Check adult weekday price info.,Check adult weekday price info.,Check fast eight lift info.,Check snowfall info.,,Check days info
New Hermon Mountain,0,0,0,0,0,Maine,450,350,100,0,0,0,0,0,0,1,2,3,20,0,1.9,70,70,102,117,109.5,1,45,,,,55,90,32,32,http://www.onthesnow.com/maine/new-hermon-mountain/ski-resort.html,,,Check fast eight lift info.,,,
Shawnee Peak,0,0,0,0,0,Maine,1900,1350,600,0,0,0,0,1,2,1,2,6,43,3,0.8,239,234,97,103,100,1,110,,,,81,110,55,75,http://www.onthesnow.com/maine/shawnee-peak/ski-resort.html,,,Check fast eight lift info.,,,
Sugarloaf,1,1,0,0,1,Maine,4237,2820,1417,0,0,0,2,3,1,5,2,13,162,4,3.5,1240,618,159,155,157,0,,,,,68,200,99,99,http://www.onthesnow.com/maine/sugarloaf/ski-resort.html,,,,,,
Sunday River,1,1,0,0,0,Maine,3140,2340,800,1,0,0,4,5,3,1,1,15,135,5,3,870,552,165,169,167,1,140,,,,60,167,105,105,http://www.onthesnow.com/maine/sunday-river/ski-resort.html,,,,,,
Wisp,0,0,0,0,0,Maryland,3115,700,2415,0,0,0,0,2,5,0,5,12,34,3,1.5,172,118,121,120,120.5,1,118,,,,64,100,59,79,http://www.onthesnow.com/maryland/wisp/ski-resort.html,,,Check fast eight lift info.,,,
Berkshire East,0,0,0,0,0,Massachusetts,1720,1180,540,0,0,0,0,2,1,1,2,6,47,2,2,180,165,120,120,120,1,80,,,,68,120,48,68,http://www.onthesnow.com/massachusetts/berkshire-east/ski-resort.html,,,Check fast eight lift info.,,,
Blandford Ski Area,0,0,0,0,0,Massachusetts,1685,465,1035,0,0,0,0,0,0,3,2,5,29,2,0.5,132,70,,106,106,1,70,,,,83,50,20,45,http://www.onthesnow.com/massachusetts/blandford-ski-area/ski-resort.html,,,,,,Check days info
Blue Hills Ski Area,0,0,0,0,0,Massachusetts,635,309,326,0,0,0,0,0,0,1,3,4,16,1,,60,60,,99,99,0,,,,,19,,40,45,http://www.onthesnow.com/massachusetts/blue-hills-ski-area/ski-resort.html,,,,Check snowfall info.,,Check days info
Bousquet Ski Area,0,0,0,0,0,Massachusetts,1875,750,1125,0,0,0,0,0,0,3,2,5,23,1,1,200,98,,65,65,1,100,,,,19,83,25,49,http://www.onthesnow.com/massachusetts/bousquet-ski-area/ski-resort.html,,,Check fast eight lift info.,,,Check days info
Bradford Ski Area,0,0,0,0,0,Massachusetts,1548,248,1300,0,0,0,0,0,2,0,8,10,15,1,0.3,48,48,,96,96,0,,,,,71,,37,55,http://www.onthesnow.com/massachusetts/bradford-ski-area/ski-resort.html,,,Check fast eight lift info.,Check snowfall info.,,Check days info
Jiminy Peak,0,0,0,0,0,Massachusetts,2380,1150,1230,0,0,1,0,2,3,1,2,9,45,3,2,167,163,121,120,120.5,1,104,,,,71,90,81,81,http://www.onthesnow.com/massachusetts/jiminy-peak/ski-resort.html,,,,,,
Nashoba Valley,0,0,0,0,0,Massachusetts,440,240,200,0,0,0,0,0,3,1,7,11,17,2,0.5,52,52,112,126,119,1,52,,,,55,55,48,58,http://www.onthesnow.com/massachusetts/nashoba-valley/ski-resort.html,,,Check fast eight lift info.,,,
Otis Ridge Ski Area,0,0,0,0,0,Massachusetts,1700,400,1300,0,0,0,0,0,0,1,3,4,11,1,1,60,55,106,106,106,1,35,,,,73,70,20,40,http://www.onthesnow.com/massachusetts/otis-ridge-ski-area/ski-resort.html,,,Check fast eight lift info.,,,
Ski Butternut,0,0,0,0,0,Massachusetts,1800,1000,800,0,0,0,0,3,1,1,6,11,22,2,1.5,110,110,107,110,108.5,0,,,,14,56,115,25,60,http://www.onthesnow.com/massachusetts/ski-butternut/ski-resort.html,,,,,,
Ski Ward,0,0,0,0,0,Massachusetts,420,210,210,0,0,0,0,0,1,0,3,4,11,1,0.2,45,45,105,120,112.5,1,38,,,,50,80,39,55,http://www.onthesnow.com/massachusetts/ski-ward/ski-resort.html,Check adult weekday price info.,Check adult weekday price info.,,,,
Wachusett Mountain Ski Area,0,0,0,0,0,Massachusetts,2006,1000,1006,0,0,0,3,0,1,0,4,8,27,2,1.5,112,112,,120,120,1,104,5.8,,,57,100,65,71,http://www.onthesnow.com/massachusetts/wachusett-mountain-ski-area/ski-resort.html,,,,,,Check days info
Alpine Valley Ski Area,0,0,0,0,0,Michigan,500,240,126,0,0,0,0,1,2,5,6,14,25,3,0.2,100,100,,128,128,1,100,,,,57,20,39,47,http://www.onthesnow.com/michigan/alpine-valley-ski-area/ski-resort.html,,,Check fast eight lift info.,,,Check days info
Apple Mountain,0,0,0,0,0,Michigan,820,220,600,0,0,0,0,1,0,0,5,6,12,0,,80,42,,75,75,1,80,,,,58,52,35,35,http://www.onthesnow.com/michigan/apple-mountain/ski-resort.html,,,,,,Check days info
Big Powderhorn Mountain,0,0,0,0,0,Michigan,1800,600,1200,0,0,0,0,0,0,9,1,10,45,2,1,253,228,100,108,104,0,,,,,55,214,69,69,http://www.onthesnow.com/michigan/big-powderhorn-mountain/ski-resort.html,,,,,,
Bittersweet Ski Area,0,0,0,0,0,Michigan,850,350,450,0,0,0,0,1,7,0,4,12,20,2,0.2,100,100,80,,80,1,100,,,,36,90,38,48,http://www.onthesnow.com/michigan/bittersweet-ski-area/ski-resort.html,,,,,,Check days info
Big Snow Resort - Blackjack,0,0,0,0,0,Michigan,850,465,385,0,0,0,0,0,0,4,2,6,26,2,1,170,86,95,115,105,0,,,,,42,210,49,65,http://www.onthesnow.com/michigan/blackjack-ski-resort/ski-resort.html,,,,,,
Boyne Highlands,1,1,0,0,0,Michigan,1290,552,745,0,0,0,1,3,4,0,2,10,55,4,1.2,435,400,97,120,108.5,1,150,,,,56,140,78,98,http://www.onthesnow.com/michigan/boyne-highlands/ski-resort.html,,,Check fast eight lift info.,,,
Boyne Mountain Resort,1,1,0,0,0,Michigan,1120,500,620,0,0,1,0,4,3,2,2,12,60,7,1,415,380,122,130,126,1,200,,,,71,140,78,78,http://www.onthesnow.com/michigan/boyne-mountain-resort/ski-resort.html,Check adult weekday price info.,Check adult weekday price info.,Check fast eight lift info.,,,
Caberfae Peaks,0,0,0,0,0,Michigan,1569,485,1060,0,0,0,0,1,2,1,1,5,34,2,1.2,200,200,118,130,124,1,150,,,,82,140,39,49,http://www.onthesnow.com/michigan/caberfae-peaks-ski-golf-resort/ski-resort.html,,,Check fast eight lift info.,,,
Cannonsburg,0,0,0,0,0,Michigan,1100,250,850,0,0,0,0,1,1,1,7,10,21,5,0.1,100,0,100,100,100,0,,,,,54,100,30,37,http://www.onthesnow.com/michigan/cannonsburg/ski-resort.html,,,Check fast eight lift info.,,,
Crystal Mountain,0,0,0,0,0,Michigan,1132,375,757,0,0,0,1,3,2,0,2,8,58,3,0.3,102,96,120,135,127.5,1,56,56.5,,,63,132,54,64,http://www.onthesnow.com/michigan/crystal-mountain/ski-resort.html,,,,,,
Big Snow Resort - Indianhead Mountain,0,0,0,0,0,Michigan,1935,638,1297,0,0,0,0,1,1,5,2,9,32,2,1,240,150,120,120,120,0,,,,,60,204,49,49,http://www.onthesnow.com/michigan/indianhead-mountain/ski-resort.html,,,Check fast eight lift info.,,,
Marquette Mountain,0,0,0,0,0,Michigan,1357,600,757,0,0,0,0,0,1,2,1,4,35,3,0.7,169,143,139,135,137,1,89,,,,60,210,36,54,http://www.onthesnow.com/michigan/marquette-mountain/ski-resort.html,Check adult weekday price info.,Check adult weekday price info.,Check fast eight lift info.,,,
Mont Ripley,0,0,0,0,0,Michigan,1140,440,700,0,0,0,0,0,0,2,2,4,25,2,0.8,112,112,114,100,107,1,100,,,,83,275,49,49,http://www.onthesnow.com/michigan/mont-ripley/ski-resort.html,,,Check fast eight lift info.,,,
Mount Bohemia,0,0,0,0,0,Michigan,1500,900,600,0,0,0,0,0,1,1,0,2,102,0,2.3,585,0,83,100,91.5,0,,,,,19,273,68,68,http://www.onthesnow.com/michigan/mount-bohemia/ski-resort.html,,,Check fast eight lift info.,,,
Mt. Brighton,1,0,1,0,0,Michigan,1330,230,1100,0,0,0,0,2,3,0,8,13,25,5,0.1,130,130,111,100,105.5,1,130,,,,59,60,52,59,http://www.onthesnow.com/michigan/mount-brighton/ski-resort.html,,,Check fast eight lift info.,,,
Mt. Holiday Ski Area,0,0,0,0,0,Michigan,440,200,240,0,0,0,0,0,0,2,2,4,12,0,0.1,45,45,100,90,95,1,45,,,,70,120,22,34,http://www.onthesnow.com/michigan/mount-holiday-ski-area/ski-resort.html,,,Check fast eight lift info.,,,
Mount Holly,0,0,0,0,0,Michigan,1105,350,755,0,0,0,1,2,3,1,6,13,19,0,0.1,100,100,,102,102,1,100,,,,63,42,37,45,http://www.onthesnow.com/michigan/mount-holly/ski-resort.html,,,,,,Check days info
Mulligan's Hollow Ski Bowl,0,0,0,0,0,Michigan,700,130,570,0,0,0,0,0,0,0,5,5,6,0,0.2,10,10,,92,92,1,10,,,,19,60,15,20,http://www.onthesnow.com/michigan/mulligans-hollow-ski-bowl/ski-resort.html,,,Check fast eight lift info.,,,Check days info
Norway Mountain,0,0,0,0,0,Michigan,1335,500,835,0,0,0,0,0,1,2,3,6,17,1,1.4,186,186,110,110,110,1,40,,,,45,100,45,45,http://www.onthesnow.com/michigan/norway-mountain/ski-resort.html,Check adult weekday price info.,,Check fast eight lift info.,,,
Nubs Nob Ski Area,0,0,0,0,0,Michigan,1338,427,911,0,0,0,0,3,4,2,1,10,53,3,0.9,248,248,133,130,131.5,1,160,,,,61,135,65,85,http://www.onthesnow.com/michigan/nubs-nob-ski-area/ski-resort.html,,,Check fast eight lift info.,,,
Pine Knob Ski Resort,0,0,0,0,0,Michigan,1308,300,1009,0,0,0,0,0,0,0,6,6,14,3,1,80,80,,128,128,0,,,,,,,49,57,http://www.onthesnow.com/michigan/pine-knob-ski-resort/ski-resort.html,,,,Check snowfall info.,,Check days info
Pine Mountain,0,0,0,0,0,Michigan,1650,500,1150,0,0,0,0,0,1,2,1,4,28,1,0.5,160,160,110,126,118,1,80,,,,80,60,,45,http://www.onthesnow.com/michigan/pine-mountain/ski-resort.html,Check adult weekday price info.,,,,,
Schuss Mountain at Shanty Creek,0,0,0,0,0,Michigan,1125,450,675,0,0,0,0,5,0,0,3,8,42,3,1,70,70,94,111,102.5,1,70,,,,57,160,58,78,http://www.onthesnow.com/michigan/shanty-creek/ski-resort.html,,,,,,
Ski Brule,0,0,0,0,0,Michigan,1860,500,1360,0,0,0,0,0,0,5,7,12,17,3,1,150,150,164,165,164.5,1,40,,,,62,150,49,49,http://www.onthesnow.com/michigan/ski-brule/ski-resort.html,,,,,,
Snow Snake Mountain Ski Area,0,0,0,0,0,Michigan,1230,210,1020,0,0,0,0,0,1,0,5,6,12,2,0,40,40,,106,106,1,40,,,,72,,30,35,http://www.onthesnow.com/michigan/snow-snake-mountain-ski-area/ski-resort.html,,,Check fast eight lift info.,Check snowfall info.,,Check days info
Swiss Valley,0,0,0,0,0,Michigan,1200,225,975,0,0,0,0,2,1,0,4,7,11,2,0.1,60,60,89,80,84.5,1,60,,,,51,60,32,42,http://www.onthesnow.com/michigan/swiss-valley/ski-resort.html,,,Check fast eight lift info.,,,
The Homestead,0,0,0,0,0,Michigan,900,320,580,0,0,0,0,0,2,1,2,5,15,1,0.2,16,16,47,42,44.5,1,16,,,,34,150,50,50,http://www.onthesnow.com/michigan/the-homestead/ski-resort.html,,,Check fast eight lift info.,,,
Timber Ridge,0,0,0,0,0,Michigan,850,250,600,0,0,0,0,1,1,2,4,8,16,2,0.3,50,50,80,,80,1,50,,,,58,,35,45,http://www.onthesnow.com/michigan/timber-ridge/ski-resort.html,,,Check fast eight lift info.,Check snowfall info.,,Check days info
Treetops Resort,0,0,0,0,0,Michigan,1345,225,1120,0,0,0,0,0,3,0,2,5,23,3,0.2,80,80,63,101,82,1,80,,,,65,175,,,http://www.onthesnow.com/michigan/treetops-resort/ski-resort.html,Check adult weekday price info.,Check adult weekday price info.,Check fast eight lift info.,,,
Afton Alps,1,0,1,0,0,Minnesota,1530,350,1180,0,0,0,0,1,3,14,4,22,48,5,0.5,250,250,135,135,135,1,250,,,,56,60,55,60,http://www.onthesnow.com/minnesota/afton-alps/ski-resort.html,,,,,,
Andes Tower Hills Ski Area,0,0,0,0,0,Minnesota,1620,290,1330,0,0,0,0,1,2,0,3,6,15,2,0.2,35,35,100,110,105,1,35,,,,38,55,45,45,http://www.onthesnow.com/minnesota/andes-tower-hills-ski-area/ski-resort.html,,,,,,
Buck Hill,1,0,0,1,0,Minnesota,1225,309,919,0,0,0,0,2,1,0,5,8,16,0,0.2,45,45,115,112,113.5,1,45,,,,65,60,34,47,http://www.onthesnow.com/minnesota/buck-hill/ski-resort.html,,,Check fast eight lift info.,,,
Buena Vista Ski Area,0,0,0,0,0,Minnesota,1510,230,1280,0,0,0,0,0,2,2,2,6,17,0,0.3,30,30,57,60,58.5,1,30,,,,70,78,44,44,http://www.onthesnow.com/minnesota/buena-vista-ski-area/ski-resort.html,,,Check fast eight lift info.,,,
Coffee Mill Ski & Snowboard Resort,0,0,0,0,0,Minnesota,1150,425,725,0,0,0,0,0,0,2,1,3,14,1,1,40,35,57,56,56.5,1,35,,,,39,48,23,37,http://www.onthesnow.com/minnesota/coffee-mill-ski-snowboard-resort/ski-resort.html,,,,,,
Elm Creek Winter Recreation Area,0,0,0,0,0,Minnesota,928,60,868,0,0,0,0,0,0,0,3,3,3,0,1,15,20,105,102,103.5,1,15,,,,13,45,17,17,http://www.onthesnow.com/minnesota/elm-creek/ski-resort.html,,,Check fast eight lift info.,,,
Giants Ridge Resort,0,0,0,0,0,Minnesota,1972,500,1472,0,0,0,1,1,1,2,2,7,35,2,0.8,202,202,120,125,122.5,1,121,,,,35,85,49,58,http://www.onthesnow.com/minnesota/giants-ridge-resort/ski-resort.html,,,Check fast eight lift info.,,,
Hyland Ski & Snowboard Area,0,0,0,0,0,Minnesota,1075,175,900,0,0,0,0,2,1,0,5,8,14,1,1,35,35,110,115,112.5,1,35,,,,61,55,35.34,35.34,http://www.onthesnow.com/minnesota/hyland-ski-snowboard-area/ski-resort.html,,,,,,
Lutsen Mountains,0,0,0,0,0,Minnesota,1688,825,800,1,0,1,0,0,1,4,1,8,62,2,2,393,231,135,127,131,0,,,,,71,120,84,84,http://www.onthesnow.com/minnesota/lutsen-mountains/ski-resort.html,,,,,,
Mount Kato Ski Area,0,0,0,0,0,Minnesota,540,240,300,0,0,0,0,5,0,3,2,10,19,4,1,55,55,115,120,117.5,1,50,,,,43,50,34,46,http://www.onthesnow.com/minnesota/mount-kato-ski-area/ski-resort.html,,,Check fast eight lift info.,,,
Powder Ridge Ski Area,0,0,0,0,0,Minnesota,790,300,500,0,0,0,0,1,0,2,3,6,15,4,,60,60,97,113,105,1,60,,,,58,45,36,48,http://www.onthesnow.com/minnesota/powder-ridge-ski-area/ski-resort.html,,,Check fast eight lift info.,,,
Spirit Mountain,0,0,0,0,0,Minnesota,1320,700,620,0,0,0,1,1,2,1,2,7,22,3,1,175,175,100,125,112.5,1,144,,,,45,100,59,59,http://www.onthesnow.com/minnesota/spirit-mountain/ski-resort.html,,,Check fast eight lift info.,,,
Welch Village,0,0,0,0,0,Minnesota,1060,360,700,0,0,0,0,3,1,4,2,10,50,1,0.8,125,125,114,122,118,1,100,,,,54,45,54,60,http://www.onthesnow.com/minnesota/welch-village/ski-resort.html,,,Check fast eight lift info.,,,
Wild Mountain Ski & Snowboard Area,0,0,0,0,0,Minnesota,1113,300,813,0,0,0,0,4,0,0,4,8,26,4,0.9,100,100,130,140,135,1,100,,,,47,50,55,55,http://www.onthesnow.com/minnesota/wild-mountain-ski-snowboard-area/ski-resort.html,,,,,,
Hidden Valley Ski Area,0,0,0,0,0,Missouri,2566,310,2316,0,0,0,0,2,2,0,3,7,17,0,0.1,30,30,,100,100,1,17,,,,37,26,49,49,http://www.onthesnow.com/missouri/hidden-valley-ski-area/ski-resort.html,,,,,,Check days info
Snow Creek,0,0,0,0,0,Missouri,1100,300,800,0,0,0,0,0,2,1,2,5,14,2,0.3,30,30,69,85,77,1,30,0.4,0.1,0.1,33,20,37,47,http://www.onthesnow.com/missouri/snow-creek/ski-resort.html,,,Check fast eight lift info.,,,
Big Sky Resort,1,1,0,1,1,Montana,11166,4350,7500,1,1,2,5,3,7,5,12,36,317,8,6,5800,400,144,144,144,0,,,,,46,400,127,127,http://www.onthesnow.com/montana/big-sky-resort/ski-resort.html,Check adult weekday price info.,Check adult weekday price info.,,,,
Blacktail Mountain Ski Area,0,0,0,0,0,Montana,6676,1440,5236,0,0,0,0,0,1,2,1,4,27,0,0.7,1000,0,,119,119,0,,,,,21,250,42,42,http://www.onthesnow.com/montana/blacktail-mountain-ski-area/ski-resort.html,,,Check fast eight lift info.,,,Check days info
Bridger Bowl,1,0,0,1,0,Montana,8700,2600,6100,0,0,0,0,1,6,1,3,11,105,2,1.5,2000,100,122,133,127.5,0,,,,,64,350,63,63,http://www.onthesnow.com/montana/bridger-bowl/ski-resort.html,,,,,,
Discovery Ski Area,0,0,0,0,0,Montana,8150,2380,5770,0,0,0,0,0,5,2,1,8,74,1,1.5,2400,25,116,116,116,0,,,,,46,225,49,49,http://www.onthesnow.com/montana/discovery-ski-area/ski-resort.html,,,,,,
Great Divide,0,0,0,0,0,Montana,7330,1580,5750,0,0,0,0,0,0,5,1,6,110,6,3,1600,150,94,100,97,1,100,,9.9,3.7,78,180,48,48,http://www.onthesnow.com/montana/great-divide/ski-resort.html,,,,,,
Lost Trail - Powder Mtn,0,0,0,0,0,Montana,8200,1800,6400,0,0,0,0,0,0,5,3,8,69,2,2.5,1800,0,84,80,82,0,,,,,81,325,46,46,http://www.onthesnow.com/montana/lost-trail-powder-mtn/ski-resort.html,,,Check fast eight lift info.,,,
Maverick Mountain,0,0,0,0,0,Montana,8520,2020,6500,0,0,0,0,0,0,1,1,2,22,0,1.3,255,0,,120,120,0,,,,,83,160,39,39,http://www.onthesnow.com/montana/maverick-mountain/ski-resort.html,,,Check fast eight lift info.,,,Check days info
Montana Snowbowl,0,0,0,0,0,Montana,7600,2600,5000,0,0,0,0,0,0,2,2,4,37,0,1.2,950,20,,127,127,1,10,,,,58,300,50,50,http://www.onthesnow.com/montana/montana-snowbowl/ski-resort.html,,,Check fast eight lift info.,,,Check days info
Red Lodge Mountain,0,0,0,0,0,Montana,9416,2400,7016,0,0,0,2,0,1,3,1,7,70,2,2.5,1635,496,142,136,139,0,,,,,59,250,67,67,http://www.onthesnow.com/montana/red-lodge-mountain/ski-resort.html,,,,,,
Showdown Montana,0,0,0,0,0,Montana,8200,1400,6800,0,0,0,0,0,1,2,1,4,36,1,1.8,640,0,86,85,85.5,0,,,,,83,250,47,47,http://www.onthesnow.com/montana/showdown-ski-area/ski-resort.html,,,,,,
Teton Pass Ski Resort,0,0,0,0,0,Montana,7200,1010,6190,0,0,0,0,0,0,1,2,3,43,1,3,330,0,40,150,95,0,,,,,54,250,39,39,http://www.onthesnow.com/montana/teton-pass-ski-area/ski-resort.html,,,Check fast eight lift info.,,,
Whitefish Mountain Resort,0,0,0,0,1,Montana,6817,2353,4464,0,0,0,3,2,6,0,3,14,105,4,3.3,3000,600,123,123,123,1,600,,,,72,333,81,81,http://www.onthesnow.com/montana/whitefish-mountain-resort/ski-resort.html,,,,,,
Diamond Peak,0,0,0,0,0,Nevada,8540,1840,6700,0,0,0,1,2,0,3,1,7,30,3,2.5,655,492,100,122,111,0,,,,,53,300,89,99,http://www.onthesnow.com/nevada/diamond-peak/ski-resort.html,,,Check fast eight lift info.,,,
Elko SnoBowl,0,0,0,0,0,Nevada,7000,700,6300,0,0,0,0,0,0,1,1,2,10,0,1,60,2,19,30,24.5,0,,,,,23,24,20,20,http://www.onthesnow.com/nevada/elko-snobowl/ski-resort.html,,,Check fast eight lift info.,,,
Lee Canyon,0,0,0,0,0,Nevada,11289,860,8510,0,0,0,0,2,1,0,0,3,24,1,0.3,195,50,144,150,147,0,,,,,56,161,70,70,http://www.onthesnow.com/nevada/las-vegas-ski-and-snowboard-resort/ski-resort.html,,,Check fast eight lift info.,,,
Mt. Rose - Ski Tahoe,0,0,0,0,0,Nevada,9700,1800,8260,0,0,2,0,2,2,0,2,8,65,5,2.5,1200,330,152,150,151,0,,,,,55,350,135,135,http://www.onthesnow.com/nevada/mt-rose-ski-tahoe/ski-resort.html,,,,,,
Attitash,1,0,0,1,0,New Hampshire,2350,1750,600,0,0,0,2,1,3,2,1,9,68,3,3,311,240,115,130,122.5,0,,,,,54,120,79,89,http://www.onthesnow.com/new-hampshire/attitash/ski-resort.html,,,Check fast eight lift info.,,,
Black Mountain,1,0,0,1,0,New Hampshire,2350,1100,1250,0,0,0,0,0,1,1,3,5,45,0,1.6,143,120,110,107,108.5,0,,,,,84,125,45,59,http://www.onthesnow.com/new-hampshire/black-mountain/ski-resort.html,,,,,,
Bretton Woods,0,0,0,0,1,New Hampshire,3100,1500,1600,0,0,0,4,1,1,0,3,9,63,2,2,464,427,180,180,180,1,45,,,,46,200,85,99,http://www.onthesnow.com/new-hampshire/bretton-woods/ski-resort.html,,,,,,
Cannon Mountain,0,0,0,0,0,New Hampshire,4080,2180,1900,1,0,0,1,2,3,1,3,11,97,3,2.3,285,192,124,143,133.5,0,,,,,81,160,79,79,http://www.onthesnow.com/new-hampshire/cannon-mountain/ski-resort.html,,,,,,
Cranmore Mountain Resort,0,0,0,0,0,New Hampshire,2000,1200,600,0,0,0,1,1,2,1,2,7,57,4,1,200,192,107,128,117.5,0,,,,,82,150,83,83,http://www.onthesnow.com/new-hampshire/cranmore-mountain-resort/ski-resort.html,Check adult weekday price info.,Check adult weekday price info.,,,,
Crotched Mountain,1,0,0,1,0,New Hampshire,2066,1016,1050,0,0,0,1,1,1,1,1,5,25,3,1.2,100,100,105,100,102.5,1,100,,,,16,105,55,69,http://www.onthesnow.com/new-hampshire/crotched-mountain/ski-resort.html,,,,,,
Dartmouth Skiway,1,0,0,1,0,New Hampshire,1943,969,974,0,0,0,0,1,0,1,2,4,28,1,1.1,107,54,104,105,104.5,0,,,,,63,100,50,50,http://www.onthesnow.com/new-hampshire/dartmouth-skiway/ski-resort.html,,,,,,
Gunstock,0,0,0,0,0,New Hampshire,2300,1400,900,0,0,0,1,2,2,0,1,6,55,4,1.5,227,176,106,,106,1,60,,,,82,120,80,92,http://www.onthesnow.com/new-hampshire/gunstock/ski-resort.html,,,Check fast eight lift info.,,,Check days info
King Pine,0,0,0,0,0,New Hampshire,850,350,500,0,0,0,0,0,3,0,3,6,17,2,0.3,48,45,105,107,106,1,23,,,,57,120,42,58,http://www.onthesnow.com/new-hampshire/king-pine/ski-resort.html,,,Check fast eight lift info.,,,
Loon Mountain,1,1,0,0,0,New Hampshire,3050,2100,950,1,0,0,3,1,1,3,2,11,61,6,2.5,370,322,149,144,146.5,0,,,,,53,160,98,98,http://www.onthesnow.com/new-hampshire/loon-mountain/ski-resort.html,Check adult weekday price info.,Check adult weekday price info.,Check fast eight lift info.,,,
Mount Sunapee,1,0,1,0,0,New Hampshire,2743,1510,1233,0,0,0,2,1,2,1,4,10,66,4,0.8,232,215,130,136,133,0,,,,,71,100,83,93,http://www.onthesnow.com/new-hampshire/mount-sunapee/ski-resort.html,,,Check fast eight lift info.,,,
Pats Peak,0,0,0,0,0,New Hampshire,1460,770,690,0,0,0,0,0,4,2,5,11,28,3,1.5,115,115,109,112,110.5,1,93,,,,56,100,58,72,http://www.onthesnow.com/new-hampshire/pats-peak/ski-resort.html,,,Check fast eight lift info.,,,
Ragged Mountain Resort,0,0,0,0,0,New Hampshire,2250,1250,1000,0,0,1,1,0,1,0,3,6,57,3,0.7,250,200,,140,140,0,,,,,54,100,74,84,http://www.onthesnow.com/new-hampshire/ragged-mountain-resort/ski-resort.html,,,Check fast eight lift info.,,,Check days info
Waterville Valley,0,0,0,0,0,New Hampshire,4004,2020,1984,0,0,0,2,0,2,3,4,11,62,4,1.9,265,220,142,142,142,0,,,,,54,148,79,93,http://www.onthesnow.com/new-hampshire/waterville-valley/ski-resort.html,,,Check fast eight lift info.,,,
Whaleback Mountain,1,0,0,1,0,New Hampshire,1800,700,1100,0,0,0,0,0,0,1,3,4,30,1,1,85,60,105,105,105,1,55,,,,64,110,30,45,http://www.onthesnow.com/new-hampshire/whaleback-mountain/ski-resort.html,,,Check fast eight lift info.,,,
Wildcat Mountain,1,0,0,1,1,New Hampshire,4062,2112,1950,0,0,0,1,0,3,0,1,5,48,0,2.8,225,200,156,150,153,0,,,,,61,200,79,89,http://www.onthesnow.com/new-hampshire/wildcat-mountain/ski-resort.html,,,Check fast eight lift info.,,,
Campgaw Mountain,0,0,0,0,0,New Jersey,726,274,450,0,0,0,0,0,0,2,3,5,12,1,0.3,23,23,80,,80,1,14,,,,58,45,26,39,http://www.onthesnow.com/new-jersey/campgaw-mountain/ski-resort.html,Check adult weekday price info.,Check adult weekday price info.,Check fast eight lift info.,,,Check days info
Mountain Creek Resort,0,0,0,0,0,New Jersey,1480,1040,440,1,0,0,2,2,1,1,3,10,46,3,2,167,167,90,100,95,1,167,,,,54,65,79.99,79.99,http://www.onthesnow.com/new-jersey/mountain-creek-resort/ski-resort.html,,,Check fast eight lift info.,,,
Angel Fire Resort,1,0,0,1,0,New Mexico,10677,2077,8600,0,0,0,2,0,0,3,2,7,81,3,3,560,230,101,101,101,1,50,,,,53,210,77,77,http://www.onthesnow.com/new-mexico/angel-fire-resort/ski-resort.html,,,,,,
Enchanted Forest Ski Area,0,0,0,0,0,New Mexico,10078,400,9820,0,0,0,0,0,0,0,0,0,33,0,2.5,600,0,130,140,135,0,,,,,34,240,20,20,http://www.onthesnow.com/new-mexico/enchanted-forest-cross-countryski-area/ski-resort.html,,,Check fast eight lift info.,,,
Pajarito Mountain Ski Area,1,0,0,1,0,New Mexico,10441,1410,9031,0,0,0,0,1,1,3,1,6,45,2,0.6,750,35,89,117,103,0,,,,,62,163,49,49,http://www.onthesnow.com/new-mexico/pajarito-mountain-ski-area/ski-resort.html,,,Check fast eight lift info.,,,
Red River,0,0,0,0,0,New Mexico,10350,1600,8750,0,0,0,0,1,3,1,2,7,63,3,2.5,209,0,110,,110,0,,,,,60,214,79,79,http://www.onthesnow.com/new-mexico/red-river/ski-resort.html,,,,,,Check days info
Sandia Peak,0,0,0,0,0,New Mexico,10378,1700,8678,0,0,0,0,0,0,4,1,5,39,1,2,200,30,32,38,35,0,,,,,82,100,55,55,http://www.onthesnow.com/new-mexico/sandia-peak/ski-resort.html,,,Check fast eight lift info.,,,
Sipapu Ski Resort,1,0,0,1,0,New Mexico,9255,1055,8200,0,0,0,0,1,2,0,3,6,42,4,0.5,200,140,127,143,135,0,,,,,67,190,47,47,http://www.onthesnow.com/new-mexico/sipapu-ski-and-summer-resort/ski-resort.html,,,Check fast eight lift info.,,,
Ski Apache,0,0,0,0,0,New Mexico,11500,1900,9600,1,0,0,0,2,6,0,2,11,55,3,2,750,270,133,124,128.5,0,,,,,58,185,74,74,http://www.onthesnow.com/new-mexico/ski-apache/ski-resort.html,,,Check fast eight lift info.,,,
Ski Santa Fe,0,0,0,0,0,New Mexico,12075,1725,10350,0,0,0,0,1,2,2,2,7,83,1,3,660,275,107,130,118.5,0,,,,,73,225,80,80,http://www.onthesnow.com/new-mexico/ski-santa-fe/ski-resort.html,,,,,,
Taos Ski Valley,1,1,0,1,1,New Mexico,12481,3281,9200,1,0,0,1,3,4,1,4,14,111,1,5,1294,647,137,136,136.5,0,,,,13,64,300,110,110,http://www.onthesnow.com/new-mexico/taos-ski-valley/ski-resort.html,,,,,,
Belleayre,0,0,0,0,0,New York,3429,1404,2025,1,0,0,1,1,1,2,2,8,50,2,2.2,175,168,154,150,152,0,,,,,70,130,60,72,http://www.onthesnow.com/new-york/belleayre/ski-resort.html,,,,,,
Brantling Ski Slopes,0,0,0,0,0,New York,850,250,600,0,0,0,0,0,0,0,5,5,10,0,0.1,20,16,,101,101,0,,,,,19,110,32,32,http://www.onthesnow.com/new-york/brantling-ski-slopes/ski-resort.html,,,Check fast eight lift info.,,,Check days info
Bristol Mountain,0,0,0,0,0,New York,2200,1200,1000,0,0,0,2,1,1,1,1,6,34,3,2,160,148,129,129,129,1,154,,,,55,60,65,76,http://www.onthesnow.com/new-york/bristol-mountain/ski-resort.html,,,,,,
Buffalo Ski Club Ski Area,0,0,0,0,0,New York,3429,500,2025,0,0,0,0,0,0,2,4,6,43,1,,225,150,,79,79,1,100,,,,12,,35,50,http://www.onthesnow.com/new-york/buffalo-ski-club-ski-area/ski-resort.html,,,,Check snowfall info.,,Check days info
Catamount,0,0,0,0,0,New York,2000,1000,1000,0,0,0,0,1,1,2,3,7,36,5,2,133,130,100,90,95,1,55,,4.3,8.7,80,108,38,69,http://www.onthesnow.com/new-york/catamount-ski-ride-area/ski-resort.html,,,Check fast eight lift info.,,,
Dry Hill Ski Area,0,0,0,0,0,New York,950,300,650,0,0,0,0,0,0,1,2,3,7,1,0.2,35,26,,108,108,1,26,,,,55,125,20,35,http://www.onthesnow.com/new-york/dry-hill-ski-area/ski-resort.html,Check adult weekday price info.,,Check fast eight lift info.,,,Check days info
Gore Mountain,0,0,0,0,0,New York,3600,2537,998,1,0,0,2,2,3,2,4,14,110,7,4.5,439,338,142,,142,1,15,41.3,0.2,29.8,55,150,80,88,http://www.onthesnow.com/new-york/gore-mountain/ski-resort.html,,,,,,Check days info
Greek Peak,0,0,0,0,0,New York,2100,952,1148,0,0,0,0,1,1,4,2,8,56,4,1.5,220,184,110,113,111.5,1,175,,,,62,122,49,63.2,http://www.onthesnow.com/new-york/greek-peak/ski-resort.html,,,,,,
Holiday Mountain,0,0,0,0,0,New York,1550,400,1150,0,0,0,0,1,0,1,2,4,9,0,0.4,37,37,75,85,80,1,37,,,,60,50,27,42,http://www.onthesnow.com/new-york/holiday-mountain/ski-resort.html,,,,,,
Holiday Valley,0,0,0,0,0,New York,2250,750,1500,0,0,0,3,8,0,0,2,13,60,5,1,290,266,116,129,122.5,1,189,,,,62,180,65,78,http://www.onthesnow.com/new-york/holiday-valley/ski-resort.html,,,Check fast eight lift info.,,,
Holimont Ski Area,0,0,0,0,0,New York,2260,700,1560,0,0,0,1,1,2,3,1,8,53,3,1.5,135,135,110,119,114.5,0,,,,,57,180,62,75,http://www.onthesnow.com/new-york/holimont-ski-area/ski-resort.html,,,Check fast eight lift info.,,,
Hunt Hollow Ski Club,0,0,0,0,0,New York,2030,825,1000,0,0,0,0,0,1,1,1,3,19,1,1,400,400,,75,75,1,400,,,,52,130,48,58,http://www.onthesnow.com/new-york/hunt-hollow-ski-club/ski-resort.html,,,,,,Check days info
Hunter Mountain,1,0,0,1,0,New York,3200,1600,1600,0,0,2,1,2,2,2,4,13,67,4,2,320,320,148,155,151.5,0,,,,,59,120,79,89,http://www.onthesnow.com/new-york/hunter-mountain/ski-resort.html,,,Check fast eight lift info.,,,
Kissing Bridge,0,0,0,0,0,New York,1700,550,1150,0,0,0,0,2,1,4,3,10,39,5,0.5,700,550,103,100,101.5,1,650,,,,59,120,40,60,http://www.onthesnow.com/new-york/kissing-bridge/ski-resort.html,,,Check fast eight lift info.,,,
Labrador Mt.,0,0,0,0,0,New York,1825,700,1125,0,0,0,0,0,1,2,1,4,23,1,1,250,237,,100,100,1,180,,,,62,125,59,59,http://www.onthesnow.com/new-york/labrador-mt/ski-resort.html,,,Check fast eight lift info.,,,Check days info
Maple Ski Ridge,0,0,0,0,0,New York,1200,450,750,0,0,0,0,0,1,1,1,3,10,0,0.3,25,25,,69,69,1,20,,,,57,,26,38,http://www.onthesnow.com/new-york/maple-ski-ridge/ski-resort.html,,,,Check snowfall info.,,Check days info
McCauley Mountain Ski Center,0,0,0,0,0,New York,2250,633,1563,0,0,0,0,0,0,1,4,5,23,1,0.3,70,55,105,105,105,0,,,,,61,200,20,30,http://www.onthesnow.com/new-york/mccauley-mountain-ski-center/ski-resort.html,,,,,,
Mount Peter Ski Area,0,0,0,0,0,New York,1250,450,750,0,0,0,0,1,0,2,2,5,14,1,1,69,69,100,100,100,1,69,,,,83,50,35,54,http://www.onthesnow.com/new-york/mount-peter-ski-area/ski-resort.html,,,Check fast eight lift info.,,,
Oak Mountain,0,0,0,0,0,New York,2400,650,1750,0,0,0,0,1,0,0,3,4,22,1,1.2,46,18,,106,106,1,12,,,,71,120,40,40,http://www.onthesnow.com/new-york/oak-mountain/ski-resort.html,,,,,,Check days info
Peek'n Peak,0,0,0,0,0,New York,1800,400,1400,0,0,0,0,0,8,0,2,10,27,4,2.4,110,110,110,,110,1,110,,,,55,225,49,63,http://www.onthesnow.com/new-york/peekn-peak/ski-resort.html,,,Check fast eight lift info.,,,Check days info
Plattekill Mountain,1,0,0,1,0,New York,3500,1100,2400,0,0,0,0,0,1,1,2,4,38,1,2,110,75,65,65,65,0,,1.2,,,26,175,50,67,http://www.onthesnow.com/new-york/plattekill-mountain/ski-resort.html,,,Check fast eight lift info.,,,
Royal Mountain Ski Area,0,0,0,0,0,New York,1800,550,1250,0,0,0,0,0,0,3,0,3,14,0,0.3,35,28,,127,127,0,,,,,63,90,45,45,http://www.onthesnow.com/new-york/royal-mountain-ski-area/ski-resort.html,,,Check fast eight lift info.,,,Check days info
Snow Ridge,0,0,0,0,0,New York,2000,650,1350,0,0,0,0,0,0,4,2,6,21,2,0.8,130,65,73,100,86.5,1,40,,,,74,230,38,48,http://www.onthesnow.com/new-york/snow-ridge/ski-resort.html,,,Check fast eight lift info.,,,
Song Mountain,0,0,0,0,0,New York,1940,700,1240,0,0,0,0,0,1,1,3,5,24,0,0.4,93,70,90,122,106,1,70,,,,55,125,59,59,http://www.onthesnow.com/new-york/song-mountain/ski-resort.html,,,Check fast eight lift info.,,,
Swain,0,0,0,0,0,New York,1970,650,1320,0,0,0,0,3,0,1,1,5,35,3,1,130,90,102,100,101,1,80,,,,72,120,49,59,http://www.onthesnow.com/new-york/swain/ski-resort.html,,,Check fast eight lift info.,,,
Thunder Ridge,0,0,0,0,0,New York,1270,500,770,0,0,0,0,0,1,2,3,6,30,0,0.4,100,100,121,121,121,1,100,,,,60,,30,57,http://www.onthesnow.com/new-york/thunder-ridge/ski-resort.html,Check adult weekday price info.,,Check fast eight lift info.,Check snowfall info.,,
Titus Mountain,0,0,0,0,0,New York,2025,1200,825,0,0,0,0,0,2,6,2,10,50,3,2,200,150,101,100,100.5,1,70,,8.1,11.2,59,150,39,49,http://www.onthesnow.com/new-york/titus-mountain/ski-resort.html,,,Check fast eight lift info.,,,
Toggenburg Mountain,0,0,0,0,0,New York,2000,700,1300,0,0,0,0,0,1,1,3,5,22,2,0.4,85,0,,122,122,1,73,,,,66,130,55,55,http://www.onthesnow.com/new-york/toggenburg-mountain/ski-resort.html,,,Check fast eight lift info.,,,Check days info
West Mountain,0,0,0,0,0,New York,1470,1010,460,0,0,0,0,0,1,2,2,5,29,1,0.6,124,105,,120,120,1,105,,,,58,80,49,59,http://www.onthesnow.com/new-york/west-mountain/ski-resort.html,,,Check fast eight lift info.,,,Check days info
Whiteface Mountain Resort,0,0,0,0,0,New York,4650,3430,1220,1,0,0,1,1,2,5,2,12,86,5,2.1,288,220,122,141,131.5,0,,,,,61,168,96,96,http://www.onthesnow.com/new-york/whiteface-mountain-resort/ski-resort.html,,,,,,
Willard Mountain,0,0,0,0,0,New York,1415,505,910,0,0,0,0,0,0,2,3,5,16,0,0.4,50,35,85,120,102.5,1,35,,,,19,80,46,46,http://www.onthesnow.com/new-york/willard-mountain/ski-resort.html,,,Check fast eight lift info.,,,
Windham Mountain,0,0,0,0,0,New York,3100,1600,1500,0,0,1,2,0,3,1,5,12,54,6,2,285,280,123,130,126.5,1,56,12,,,59,105,85,95,http://www.onthesnow.com/new-york/windham-mountain/ski-resort.html,,,,,,
Woods Valley Ski Area,0,0,0,0,0,New York,1400,500,900,0,0,0,0,0,0,2,4,6,21,0,0.3,25,16,,128,128,1,15,,,,55,180,31,39,http://www.onthesnow.com/new-york/woods-valley-ski-area/ski-resort.html,,,Check fast eight lift info.,,,Check days info
Appalachian Ski Mountain,0,0,0,0,0,North Carolina,4000,365,3635,0,0,0,0,2,0,1,2,5,12,3,0.5,27,27,100,100,100,1,27,,,,57,50,40,64,http://www.onthesnow.com/north-carolina/appalachian-ski-mtn/ski-resort.html,,,,,,
Cataloochee Ski Area,0,0,0,0,0,North Carolina,5400,740,4660,0,0,0,0,1,1,1,2,5,18,2,1,50,50,141,108,124.5,1,50,,9.9,0.6,58,50,43,70,http://www.onthesnow.com/north-carolina/cataloochee-ski-area/ski-resort.html,,,,,,
Sapphire Valley,0,0,0,0,0,North Carolina,3450,200,3200,0,0,0,0,1,0,0,2,3,2,1,1,8,8,53,60,56.5,1,8,0.4,,,55,24,40,43,http://www.onthesnow.com/north-carolina/sapphire-valley/ski-resort.html,,,Check fast eight lift info.,,,
Beech Mountain Resort,0,0,0,0,0,North Carolina,5506,830,4675,0,0,0,0,3,0,3,2,8,17,1,1,95,95,98,,98,1,95,,,,52,31,41,68,http://www.onthesnow.com/north-carolina/ski-beech-mountain-resort/ski-resort.html,,,,,,Check days info
Sugar Mountain Resort,0,0,0,0,0,North Carolina,5300,1200,4100,0,0,1,0,0,1,4,2,8,21,1,1.5,125,125,114,120,117,1,95,,,,50,77,45,75,http://www.onthesnow.com/north-carolina/sugar-mountain-resort/ski-resort.html,,,,,,
Wolf Ridge Ski Resort,0,0,0,0,0,North Carolina,4700,720,4000,0,0,0,0,1,0,1,2,4,15,1,0.6,65,65,,100,100,1,60,,,,49,65,42,65,http://www.onthesnow.com/north-carolina/wolf-ridge-ski-resort/ski-resort.html,,,Check fast eight lift info.,,,Check days info
Alpine Valley,1,0,0,1,0,Ohio,1500,230,1260,0,0,0,0,1,2,1,1,5,11,1,0.2,72,72,105,,105,1,72,,,,53,120,43,43,http://www.onthesnow.com/ohio/alpine-valley/ski-resort.html,,,,,,Check days info
Boston Mills,1,0,0,1,0,Ohio,871,264,631,0,0,0,0,0,4,2,2,8,7,2,0.3,40,40,92,110,101,1,40,,,,56,51,44,44,http://www.onthesnow.com/ohio/boston-mills/ski-resort.html,,,Check fast eight lift info.,,,
Brandywine,1,0,0,1,0,Ohio,871,240,631,0,0,0,0,2,7,2,5,16,11,2,0.3,85,85,92,110,101,1,85,,,,56,51,44,44,http://www.onthesnow.com/ohio/brandywine/ski-resort.html,,,Check fast eight lift info.,,,
Mad River Mountain,1,0,0,1,0,Ohio,1460,300,1160,0,0,0,0,1,2,3,6,12,20,4,0.5,144,144,99,90,94.5,1,144,,,,57,36,39,44,http://www.onthesnow.com/ohio/mad-river-mountain/ski-resort.html,,,Check fast eight lift info.,,,
Snow Trails,0,0,0,0,0,Ohio,1475,301,1174,0,0,0,0,0,4,2,3,9,17,3,0.2,80,80,101,70,85.5,1,80,,,,58,50,41,52,http://www.onthesnow.com/ohio/snow-trails/ski-resort.html,,,Check fast eight lift info.,,,
Anthony Lakes Mountain Resort,0,0,0,0,0,Oregon,8000,900,7100,0,0,0,0,0,1,0,2,3,21,2,1.5,1100,0,75,80,77.5,0,,,,,56,300,40,40,http://www.onthesnow.com/oregon/anthony-lakes-mountain-resort/ski-resort.html,,,,,,
Cooper Spur,0,0,0,0,0,Oregon,4000,350,3500,0,0,0,0,0,0,1,1,2,10,0,0.1,50,0,78,90,84,0,,,,,66,100,39,39,http://www.onthesnow.com/oregon/cooper-spur/ski-resort.html,,,Check fast eight lift info.,,,
Hoodoo Ski Area,0,0,0,0,0,Oregon,5703,1035,4668,0,0,0,0,3,1,1,0,5,34,0,0.4,806,0,80,108,94,1,200,,,,81,350,59,59,http://www.onthesnow.com/oregon/hoodoo-ski-area/ski-resort.html,,,,,,
Mt. Ashland,0,0,0,0,0,Oregon,7533,1150,6383,0,0,0,0,0,2,2,1,5,23,2,1,220,0,94,92,93,1,40,,,,55,300,45,52,http://www.onthesnow.com/oregon/mount-ashland/ski-resort.html,,,,,,
Mt. Bachelor,0,0,0,0,0,Oregon,9065,3365,5700,0,0,0,8,0,3,0,0,11,101,5,4,4318,20,185,185,185,0,,,,2.5,61,462,99,99,http://www.onthesnow.com/oregon/mt-bachelor/ski-resort.html,,,,,,
Mt. Hood Meadows,0,0,0,0,0,Oregon,7300,2777,4523,0,0,0,6,0,0,5,2,13,85,6,3,2150,0,118,160,139,1,170,,,,51,430,49,69,http://www.onthesnow.com/oregon/mt-hood-meadows/ski-resort.html,Check adult weekday price info.,Check adult weekday price info.,Check fast eight lift info.,,,
Mt. Hood Skibowl,1,0,0,1,0,Oregon,5100,1500,3600,0,0,0,0,0,0,4,5,9,65,2,3,960,29,125,144,134.5,1,317,,,,82,300,70,70,http://www.onthesnow.com/oregon/mt-hood-ski-bowl/ski-resort.html,,,Check fast eight lift info.,,,
Spout Springs,0,0,0,0,0,Oregon,5500,610,4850,0,0,0,0,0,0,2,2,4,14,0,0.1,200,0,117,125,121,1,100,,,,19,118,,,http://www.onthesnow.com/oregon/spout-springs/ski-resort.html,Check adult weekday price info.,Check adult weekday price info.,Check fast eight lift info.,,,
Timberline Lodge,1,0,0,1,0,Oregon,8540,3690,6000,0,0,0,5,0,1,1,1,8,41,5,2,1415,0,305,305,305,1,300,,,,82,550,73,73,http://www.onthesnow.com/oregon/timberline-lodge/ski-resort.html,Check adult weekday price info.,Check adult weekday price info.,,,,
Willamette Pass,0,0,0,0,0,Oregon,6683,1563,5120,0,0,1,0,0,3,0,1,5,29,0,2.1,555,60,3,100,51.5,0,,,,,78,430,60,60,http://www.onthesnow.com/oregon/willamette-pass/ski-resort.html,,,,,,
Bear Creek Mountain Resort,0,0,0,0,0,Pennsylvania,1100,510,600,0,0,0,0,3,1,0,2,6,23,3,1,86,86,91,90,90.5,1,86,,,,52,30,50,60,http://www.onthesnow.com/pennsylvania/bear-creek-mountain-resort/ski-resort.html,,,Check fast eight lift info.,,,
Ski Big Bear,0,0,0,0,0,Pennsylvania,1250,650,600,0,0,0,0,0,0,4,2,6,18,1,1.5,26,26,75,75,75,1,26,,,,43,69,50,62,http://www.onthesnow.com/pennsylvania/big-bear/ski-resort.html,,,,,,
Big Boulder,1,0,0,1,0,Pennsylvania,2175,600,1700,0,0,0,0,0,2,5,1,8,16,8,,55,55,76,95,85.5,1,55,,,,72,50,50,65,http://www.onthesnow.com/pennsylvania/big-boulder/ski-resort.html,,,,,,
Blue Knob,0,0,0,0,0,Pennsylvania,3146,1072,2074,0,0,0,0,0,2,2,2,6,34,1,2,100,84,87,105,96,1,42,,,,56,120,43,68,http://www.onthesnow.com/pennsylvania/blue-knob/ski-resort.html,,,,,,
Blue Mountain Resort,0,0,0,0,0,Pennsylvania,1600,1082,460,0,0,1,1,1,1,3,9,16,39,5,1.2,164,164,122,112,117,1,164,,,,42,33,55,65,http://www.onthesnow.com/pennsylvania/blue-mountain-ski-area/ski-resort.html,,,,,,
Camelback Mountain Resort,0,0,0,0,0,Pennsylvania,2100,800,1250,0,0,0,2,0,3,5,6,16,37,5,1,166,166,100,100,100,1,160,,,,56,50,55,70,http://www.onthesnow.com/pennsylvania/camelback-mountain-resort/ski-resort.html,,,Check fast eight lift info.,,,
Eagle Rock,0,0,0,0,0,Pennsylvania,1810,550,1260,0,0,0,0,0,0,3,0,3,14,1,1,,0,,40,40,0,,,,,47,,,,http://www.onthesnow.com/pennsylvania/eagle-rock/ski-resort.html,Check adult weekday price info.,Check adult weekday price info.,Check fast eight lift info.,Check snowfall info.,,Check days info
Elk Mountain Ski Resort,0,0,0,0,0,Pennsylvania,2693,1000,1693,0,0,0,0,1,0,5,1,7,27,2,0.7,180,146,,100,100,1,90,,,,60,60,55,69,http://www.onthesnow.com/pennsylvania/elk-mountain-ski-resort/ski-resort.html,,,Check fast eight lift info.,,,Check days info
Jack Frost,1,0,0,1,0,Pennsylvania,2000,600,1400,0,0,0,0,1,2,5,1,9,20,1,1,100,100,96,105,100.5,0,,,,,47,50,50,65,http://www.onthesnow.com/pennsylvania/jack-frost/ski-resort.html,,,Check fast eight lift info.,,,
Liberty,1,0,0,1,0,Pennsylvania,1190,620,570,0,0,0,0,5,0,0,3,8,16,3,1,100,100,107,97,102,1,100,,,,54,31,67,77,http://www.onthesnow.com/pennsylvania/liberty/ski-resort.html,,,,,,
Mount Pleasant of Edinboro,0,0,0,0,0,Pennsylvania,1540,340,1200,0,0,0,0,0,1,0,1,2,10,0,0.5,40,35,75,90,82.5,1,35,,,,48,100,30,33,http://www.onthesnow.com/pennsylvania/mount-pleasant-of-edinboro/ski-resort.html,,,Check fast eight lift info.,,,
Roundtop Mountain Resort,1,0,0,1,0,Pennsylvania,1400,600,800,0,0,0,0,3,2,0,3,8,20,2,0.4,103,103,,99,99,1,100,,,,55,30,63,73,http://www.onthesnow.com/pennsylvania/roundtop-mountain-resort/ski-resort.html,,,,,,Check days info
Seven Springs,0,0,0,0,0,Pennsylvania,2994,750,2240,0,0,2,0,3,5,0,4,14,33,7,1.2,285,285,99,115,107,1,200,,,,87,135,67,87,http://www.onthesnow.com/pennsylvania/seven-springs/ski-resort.html,,,Check fast eight lift info.,,,
Shawnee Mountain Ski Area,0,0,0,0,0,Pennsylvania,1350,700,650,0,0,0,1,1,0,4,4,10,23,2,1.6,125,125,100,122,111,1,120,,,,44,50,55,65,http://www.onthesnow.com/pennsylvania/shawnee-mountain-ski-area/ski-resort.html,,,,,,
Ski Sawmill,0,0,0,0,0,Pennsylvania,2215,515,1700,0,0,0,0,0,1,1,3,5,14,1,0.1,15,13,,90,90,1,15,,,,50,24,30,44,http://www.onthesnow.com/pennsylvania/ski-sawmill/ski-resort.html,,,,,,Check days info
Montage Mountain,0,0,0,0,0,Pennsylvania,1960,1000,960,0,0,0,0,1,3,1,2,7,26,1,1.2,140,140,60,90,75,1,140,,,,35,47,30,67,http://www.onthesnow.com/pennsylvania/sno-mountain/ski-resort.html,,Check adult weekday price info.,Check fast eight lift info.,,,
Spring Mountain Ski Area,0,0,0,0,0,Pennsylvania,528,450,78,0,0,0,0,0,1,3,2,6,9,1,0.2,45,45,100,100,100,1,45,,,,56,20,38,48,http://www.onthesnow.com/pennsylvania/spring-mountain-ski-area/ski-resort.html,Check adult weekday price info.,Check adult weekday price info.,,,,
Tussey Mountain,0,0,0,0,0,Pennsylvania,1750,520,1230,0,0,0,0,1,0,1,3,5,8,1,0.3,38,30,100,100,100,1,30,,,,39,41,40,45,http://www.onthesnow.com/pennsylvania/tussey-mountain/ski-resort.html,,,Check fast eight lift info.,,,
Whitetail Resort,1,0,0,1,0,Pennsylvania,1800,935,865,0,0,0,1,3,0,2,2,8,23,2,1,120,120,116,100,108,1,120,,,,28,40,69,71,http://www.onthesnow.com/pennsylvania/whitetail-resort/ski-resort.html,,,Check fast eight lift info.,,,
Yawgoo Valley,1,0,0,1,0,Rhode Island,315,245,70,0,0,0,0,0,0,2,2,4,13,1,0.2,30,30,100,100,100,1,30,,,,54,40,,,http://www.onthesnow.com/rhode-island/yawgoo-valley/ski-resort.html,Check adult weekday price info.,Check adult weekday price info.,Check fast eight lift info.,,,
Deer Mountain Ski Resort,0,0,0,0,1,South Dakota,6850,940,6040,0,0,0,0,0,1,1,2,4,63,2,1.6,500,50,69,81,75,0,,,,,51,200,45,45,http://www.onthesnow.com/south-dakota/ski-mystic-at-deer-mountain/ski-resort.html,,,,,,
Terry Peak Ski Area,0,0,0,0,0,South Dakota,7100,1100,5900,0,0,0,3,0,1,0,1,5,30,1,1.2,450,225,114,120,117,0,,,,,65,150,58,58,http://www.onthesnow.com/south-dakota/terry-peak-ski-area/ski-resort.html,,,Check fast eight lift info.,,,
Ober Gatlinburg Ski Resort,0,0,0,0,0,Tennessee,3300,600,2700,0,0,0,0,2,0,1,1,4,10,1,1,,0,83,94,88.5,0,,,,,44,35,36,65,http://www.onthesnow.com/tennessee/ober-gatlinburg-ski-resort/ski-resort.html,,,Check fast eight lift info.,,,
Alta Ski Area,1,1,0,1,1,Utah,11068,2538,8530,0,0,0,3,0,1,2,0,6,116,0,1.3,2614,140,150,140,145,0,,,,,81,545,116,116,http://www.onthesnow.com/utah/alta-ski-area/ski-resort.html,,,,,,
Beaver Mountain,0,0,0,0,0,Utah,8600,1600,7232,0,0,0,0,0,1,3,1,5,48,2,0.8,464,0,120,120,120,0,,,,,81,400,50,50,http://www.onthesnow.com/utah/beaver-mountain/ski-resort.html,,,,,,
Brian Head Resort,0,0,0,0,0,Utah,10970,1548,9600,0,0,0,1,0,6,1,0,8,71,2,0.6,650,216,149,148,148.5,0,,,,,54,360,42,59,http://www.onthesnow.com/utah/brian-head-resort/ski-resort.html,,,,,,
Brighton Resort,1,1,0,0,1,Utah,10500,1745,8755,0,0,0,3,1,1,0,2,7,66,4,1.2,1050,200,138,138,138,1,200,,,,83,500,85,85,http://www.onthesnow.com/utah/brighton-resort/ski-resort.html,,,Check fast eight lift info.,,,
Deer Valley Resort,1,1,0,0,0,Utah,9570,3000,6570,1,0,0,13,0,5,2,0,21,103,0,2.8,2026,660,,120,120,0,,,,,39,300,169,169,http://www.onthesnow.com/utah/deer-valley-resort/ski-resort.html,,,,,,Check days info
Eagle Point,0,0,0,0,0,Utah,10600,1500,9100,0,0,0,0,1,1,2,1,5,40,1,0.9,650,0,,109,109,0,,,,,9,400,45,60,http://www.onthesnow.com/utah/eagle-point/ski-resort.html,,,,,,Check days info
Park City,1,0,1,0,1,Utah,10000,3200,6800,4,0,6,10,4,7,4,6,41,341,8,3.5,7300,750,142,143,142.5,0,,,,,56,355,169,169,http://www.onthesnow.com/utah/park-city-mountain-resort/ski-resort.html,Check adult weekday price info.,Check adult weekday price info.,,,,
Powder Mountain,0,0,0,0,1,Utah,9422,2522,6900,0,0,0,1,4,1,0,3,9,167,2,3.5,8464,0,120,146,133,1,300,,,,47,500,88,88,http://www.onthesnow.com/utah/powder-mountain/ski-resort.html,,,,,,
Snowbasin,1,0,0,1,0,Utah,9350,2900,6450,3,0,1,2,0,3,0,2,11,107,4,3.5,3000,625,143,138,140.5,0,,28.6,,24.9,79,300,115,115,http://www.onthesnow.com/utah/snowbasin/ski-resort.html,,,,,,
Snowbird,1,1,0,1,1,Utah,11000,3240,7760,1,0,0,6,0,0,4,3,14,170,1,2.5,2500,0,188,180,184,1,2,,,,48,500,125,125,http://www.onthesnow.com/utah/snowbird/ski-resort.html,,,,,,
Solitude Mountain Resort,1,1,0,0,1,Utah,10488,2494,7994,0,0,0,4,2,1,1,1,9,80,0,3,1200,150,161,148,154.5,0,,,,,62,500,109,119,http://www.onthesnow.com/utah/solitude-mountain-resort/ski-resort.html,,,,,,
Sundance,0,0,0,0,0,Utah,8250,2150,6100,0,0,0,0,2,2,0,1,5,45,1,0.6,450,112,128,129,128.5,0,,,,,50,320,80,80,http://www.onthesnow.com/utah/sundance/ski-resort.html,,,Check fast eight lift info.,,,
Nordic Valley Resort,1,0,0,1,0,Utah,6400,960,5440,0,0,0,0,0,0,2,2,4,23,1,0.4,140,84,105,105,105,1,140,,0.5,0.5,51,300,45,50,http://www.onthesnow.com/utah/wolf-creek/ski-resort.html,,,,,,
Bolton Valley,1,0,0,1,0,Vermont,3150,1704,1446,0,0,0,0,2,0,3,1,6,71,3,0.6,300,90,133,132,132.5,1,50,18.6,,,53,300,69,79,http://www.onthesnow.com/vermont/bolton-valley/ski-resort.html,,,,,,
Bromley Mountain,0,0,0,0,0,Vermont,3284,1334,1950,0,0,0,1,1,0,4,3,9,47,1,2.5,178,153,,152,152,0,,,,,83,168,87,91,http://www.onthesnow.com/vermont/bromley-mountain/ski-resort.html,,,Check fast eight lift info.,,,Check days info
Burke Mountain,0,0,0,0,0,Vermont,3267,2011,1210,0,0,0,2,1,0,0,3,6,50,3,2.2,178,125,110,125,117.5,0,,,,,62,217,73,73,http://www.onthesnow.com/vermont/burke-mountain/ski-resort.html,,,,,,
Jay Peak,0,0,0,0,1,Vermont,3968,2153,1815,1,0,0,1,3,1,1,2,9,79,2,3,385,300,155,160,157.5,0,,,,,64,349,89,89,http://www.onthesnow.com/vermont/jay-peak/ski-resort.html,,,,,,
Killington Resort,1,1,0,0,0,Vermont,4241,3050,1165,3,0,1,5,4,3,1,5,22,155,6,6,1515,600,192,,192,0,,,,,61,250,119,119,http://www.onthesnow.com/vermont/killington-resort/ski-resort.html,,,,,,Check days info
Mad River Glen,0,0,0,0,1,Vermont,3637,2037,1600,0,0,0,0,0,2,2,1,5,52,0,1,115,16,134,135,134.5,0,,,,,71,228,89,89,http://www.onthesnow.com/vermont/mad-river-glen/ski-resort.html,Check adult weekday price info.,Check adult weekday price info.,Check fast eight lift info.,,,
Magic Mountain,1,0,0,1,1,Vermont,2850,1500,1350,0,0,0,0,0,0,3,3,6,50,1,1.6,205,95,76,80,78,0,,,,9.3,59,150,74,74,http://www.onthesnow.com/vermont/magic-mountain/ski-resort.html,,,,,,
Mount Snow,1,0,0,1,0,Vermont,3600,1700,1900,0,0,1,3,1,6,4,5,20,86,10,3,600,480,135,135,135,0,,,,,65,156,75,75,http://www.onthesnow.com/vermont/mount-snow/ski-resort.html,Check adult weekday price info.,Check adult weekday price info.,,,,
Okemo Mountain Resort,1,0,1,0,1,Vermont,3344,2200,1144,0,0,1,4,5,3,0,7,20,121,9,4,667,654,146,152,149,0,,,,,63,200,115,115,http://www.onthesnow.com/vermont/okemo-mountain-resort/ski-resort.html,Check adult weekday price info.,Check adult weekday price info.,,,,
Pico Mountain ,1,1,0,0,0,Vermont,3967,1967,2000,0,0,0,2,0,2,2,1,7,59,1,4,260,156,,115,115,0,,,,,82,250,81,81,http://www.onthesnow.com/vermont/pico-mountain-at-killington/ski-resort.html,,,,,,Check days info
Smugglers' Notch Resort,0,0,0,0,0,Vermont,3640,2610,1030,0,0,0,0,0,0,6,2,8,78,6,3,1000,192,136,135,135.5,0,,,,,63,280,79,79,http://www.onthesnow.com/vermont/smugglers-notch-resort/ski-resort.html,,,,,,
Stowe Mountain Resort,1,0,1,0,0,Vermont,4395,2360,2035,2,0,0,0,4,2,2,2,12,116,0,3.7,485,388,155,137,146,0,,,,,86,314,134,134,http://www.onthesnow.com/vermont/stowe-mountain-resort/ski-resort.html,Check adult weekday price info.,Check adult weekday price info.,,,,
Stratton Mountain,1,1,0,0,0,Vermont,3875,2003,1872,1,0,4,1,2,1,1,1,11,99,4,3,670,474,155,160,157.5,0,,,,,58,180,125,125,http://www.onthesnow.com/vermont/stratton-mountain/ski-resort.html,Check adult weekday price info.,Check adult weekday price info.,,,,
Sugarbush,1,1,0,1,0,Vermont,4083,2600,1483,0,0,0,5,5,2,1,3,16,111,4,3,581,406,150,156,153,0,,,,,61,250,119,119,http://www.onthesnow.com/vermont/sugarbush/ski-resort.html,,,,,,
Suicide Six,0,0,0,0,0,Vermont,1200,650,550,0,0,0,0,0,0,2,1,3,24,0,0.4,100,50,100,106,103,0,,,,,85,90,45,75,http://www.onthesnow.com/vermont/suicide-six/ski-resort.html,,,Check fast eight lift info.,,,
Bryce Resort,0,0,0,0,0,Virginia,1750,500,1250,0,0,0,0,1,0,1,5,7,8,0,0.4,25,25,100,95,97.5,1,20,,,,54,30,43,68,http://www.onthesnow.com/virginia/bryce-resort/ski-resort.html,,,Check fast eight lift info.,,,
Massanutten,0,0,0,0,0,Virginia,2925,1110,1750,0,0,0,0,3,1,0,3,7,13,2,0.8,70,70,68,97,82.5,1,70,,,,46,35,,,http://www.onthesnow.com/virginia/massanutten/ski-resort.html,Check adult weekday price info.,Check adult weekday price info.,Check fast eight lift info.,,,
The Homestead Ski Area,0,0,0,0,0,Virginia,3200,700,2500,0,0,0,0,0,0,1,1,2,10,0,1,45,100,91,100,95.5,0,,,,,60,50,,,http://www.onthesnow.com/virginia/the-homestead-ski-area/ski-resort.html,Check adult weekday price info.,Check adult weekday price info.,Check fast eight lift info.,,,
Wintergreen Resort,0,0,0,0,0,Virginia,3515,1003,2512,0,0,2,0,1,1,1,0,5,27,2,1,129,129,107,121,114,1,45,,,,44,34,59,89,http://www.onthesnow.com/virginia/wintergreen-resort/ski-resort.html,,Check adult weekday price info.,Check fast eight lift info.,,,
49 Degrees North,0,0,0,0,0,Washington,5774,1851,3932,0,0,0,0,1,0,5,1,7,89,1,2,2325,0,101,135,118,1,250,,,,48,301,62,62,http://www.onthesnow.com/washington/49-degrees-north/ski-resort.html,,,,,,
Alpental,0,0,0,0,0,Washington,5420,2280,3140,0,0,0,1,0,0,3,1,5,24,0,1.2,825,0,120,144,132,1,121,,,,52,428,,,http://www.onthesnow.com/washington/alpental/ski-resort.html,Check adult weekday price info.,Check adult weekday price info.,,,,
Bluewood,0,0,0,0,0,Washington,5670,1125,4545,0,0,0,0,0,2,0,1,3,24,2,2,355,0,70,110,90,0,,,,,40,300,42,47,http://www.onthesnow.com/washington/bluewood/ski-resort.html,,,,,,
Crystal Mountain,1,1,0,0,1,Washington,7012,3100,4400,1,0,2,2,1,2,2,0,10,57,1,2.5,2600,10,,149,149,0,,,,,57,486,99,99,http://www.onthesnow.com/washington/crystal-mountain-wa/ski-resort.html,,,Check fast eight lift info.,,,Check days info
Mission Ridge,0,0,0,0,0,Washington,6820,2250,4570,0,0,0,1,0,0,3,2,6,53,3,0.8,2000,66,104,96,100,1,500,,,,53,200,74,74,http://www.onthesnow.com/washington/mission-ridge/ski-resort.html,Check adult weekday price info.,Check adult weekday price info.,,,,
Mt. Baker,0,0,0,0,0,Washington,5000,1500,3500,0,0,0,0,8,0,0,2,10,38,0,0.7,1000,0,143,165,154,0,,,,,66,663,53.75,60.01,http://www.onthesnow.com/washington/mt-baker/ski-resort.html,,,Check fast eight lift info.,,,
Mt. Spokane Ski and Snowboard Park,0,0,0,0,0,Washington,5889,2000,4200,0,0,0,0,0,1,5,1,7,52,3,0.6,1704,0,100,103,101.5,1,45,,,,81,300,45,59,http://www.onthesnow.com/washington/mt-spokane-ski-and-snowboard-park/ski-resort.html,,,,,,
Stevens Pass Resort,1,0,1,1,0,Washington,5845,1800,4061,0,0,0,3,0,4,3,0,10,52,4,1,1125,0,116,145,130.5,1,450,,,,82,460,84,84,http://www.onthesnow.com/washington/stevens-pass-resort/ski-resort.html,Check adult weekday price info.,Check adult weekday price info.,,,,
The Summit at Snoqualmie,1,1,0,0,0,Washington,3865,1025,2840,0,0,0,3,3,4,10,7,27,112,5,0.8,1994,5,120,140,130,1,541,,,,82,428,85,95,http://www.onthesnow.com/washington/the-summit-at-snoqualmie/ski-resort.html,,,Check fast eight lift info.,,,
White Pass,0,0,0,0,0,Washington,6550,2050,4500,0,0,0,2,1,1,2,2,8,45,2,2.5,1402,30,148,144,146,1,90,,1.9,0.2,67,400,69,69,http://www.onthesnow.com/washington/white-pass/ski-resort.html,,,Check fast eight lift info.,,,
Canaan Valley Resort,0,0,0,0,0,West Virginia,4280,850,3430,0,0,0,0,1,2,0,1,4,47,1,1.2,95,75,,93,93,0,,,,,48,160,52,68,http://www.onthesnow.com/west-virginia/canaan-valley-resort/ski-resort.html,,,Check fast eight lift info.,,,Check days info
Snowshoe Mountain Resort,1,1,0,0,0,West Virginia,4848,1500,3348,0,0,0,3,2,6,0,3,14,60,5,1.5,257,257,125,138,131.5,1,86,,,,46,180,70,87,http://www.onthesnow.com/west-virginia/snowshoe-mountain-resort/ski-resort.html,,,Check fast eight lift info.,,,
Timberline Four Seasons,0,0,0,0,0,West Virginia,4265,1000,3268,0,0,0,0,0,2,1,1,4,40,1,2,100,100,97,115,106,1,27,,,,37,150,72,92,http://www.onthesnow.com/west-virginia/timberline-four-seasons/ski-resort.html,,,Check fast eight lift info.,,,
Winterplace Ski Resort,0,0,0,0,0,West Virginia,3600,603,2997,0,0,0,0,2,3,2,2,9,27,2,1.2,90,90,120,120,120,1,74,,,,36,100,56,72,http://www.onthesnow.com/west-virginia/winterplace-ski-resort/ski-resort.html,,,Check fast eight lift info.,,,
Alpine Valley Resort,0,0,0,0,0,Wisconsin,1040,388,820,0,0,0,3,0,3,1,5,12,21,3,0.2,90,90,100,120,110,1,90,,,,55,80,56,65,http://www.onthesnow.com/wisconsin/alpine-valley-resort/ski-resort.html,,,Check fast eight lift info.,,,
Bruce Mound,0,0,0,0,0,Wisconsin,1375,375,1000,0,0,0,0,0,1,0,4,5,12,2,0.5,40,30,42,42,42,1,30,0.9,,,71,42,33,25,http://www.onthesnow.com/wisconsin/bruce-mound/ski-resort.html,,,,,,
Cascade Mountain,0,0,0,0,0,Wisconsin,1280,460,820,0,0,0,2,2,3,2,3,12,47,4,1.1,175,175,120,120,120,0,,,,,57,56,59,64,http://www.onthesnow.com/wisconsin/cascade-mountain/ski-resort.html,,,Check fast eight lift info.,,,
Christie Mountain,0,0,0,0,0,Wisconsin,1650,350,1300,0,0,0,0,0,0,1,5,6,30,4,0.8,45,41,92,120,106,1,35,,,,43,48,28,38,http://www.onthesnow.com/wisconsin/christie-mountain/ski-resort.html,,,Check fast eight lift info.,,,
Christmas Mountain,0,0,0,0,0,Wisconsin,1250,250,1000,0,0,0,0,1,0,0,2,3,16,0,0.4,40,40,75,70,72.5,1,40,,,,50,20,,,http://www.onthesnow.com/wisconsin/christmas-mountain/ski-resort.html,Check adult weekday price info.,Check adult weekday price info.,Check fast eight lift info.,,,
Devils Head,0,0,0,0,0,Wisconsin,995,500,495,0,0,0,0,3,1,6,2,12,27,1,1,260,260,110,135,122.5,1,200,,,,48,45,45,65,http://www.onthesnow.com/wisconsin/devils-head/ski-resort.html,,,Check fast eight lift info.,,,
Grand Geneva,0,0,0,0,0,Wisconsin,1086,211,875,0,0,0,0,0,0,3,3,6,20,1,0.2,30,30,90,93,91.5,1,30,,,,25,25,28,49,http://www.onthesnow.com/wisconsin/grand-geneva/ski-resort.html,,,Check fast eight lift info.,,,
Granite Peak Ski Area,0,0,0,0,0,Wisconsin,1942,700,1242,0,0,1,2,0,2,0,2,7,75,4,0.6,220,160,136,135,135.5,1,200,,,,82,75,92,92,http://www.onthesnow.com/wisconsin/granite-peak-ski-area/ski-resort.html,,,Check fast eight lift info.,,,
Little Switzerland,0,0,0,0,0,Wisconsin,1269,200,1069,0,0,0,0,0,0,4,4,8,18,3,1,50,50,,121,121,1,50,,,,,,33,41,http://www.onthesnow.com/wisconsin/little-switzerland/ski-resort.html,,,,Check snowfall info.,Check year open info,Check days info
Mount La Crosse,0,0,0,0,0,Wisconsin,1110,516,594,0,0,0,0,0,0,3,1,4,19,1,0.4,100,100,115,100,107.5,1,90,,,,60,40,56,56,http://www.onthesnow.com/wisconsin/mount-la-crosse/ski-resort.html,,,Check fast eight lift info.,,,
Nordic Mountain,0,0,0,0,0,Wisconsin,1137,265,872,0,0,0,0,0,1,1,5,7,18,4,1,60,60,68,90,79,1,60,,,,43,80,47,47,http://www.onthesnow.com/wisconsin/nordic-mountain/ski-resort.html,Check adult weekday price info.,,Check fast eight lift info.,,,
Sunburst,0,0,0,0,0,Wisconsin,1100,214,866,0,0,0,0,0,0,3,6,9,13,4,0.5,37,37,99,115,107,1,37,,,,59,50,33,44,http://www.onthesnow.com/wisconsin/sunburst/ski-resort.html,,,,,,
Trollhaugen,0,0,0,0,0,Wisconsin,1200,260,920,0,0,0,0,2,0,1,5,8,24,4,0.5,86,86,130,120,125,1,86,,,,69,50,54,54,http://www.onthesnow.com/wisconsin/trollhaugen/ski-resort.html,,,,,,
Tyrol Basin,0,0,0,0,0,Wisconsin,1160,300,860,0,0,0,0,0,3,0,2,5,18,5,0.5,32,32,112,103,107.5,1,32,,,,61,41,17,48,http://www.onthesnow.com/wisconsin/tyrol-basin/ski-resort.html,,,,,,
Whitecap Mountain,0,0,0,0,0,Wisconsin,1750,400,1295,0,0,0,0,1,0,4,0,5,43,1,1,400,300,105,118,111.5,0,,,,,57,200,60,60,http://www.onthesnow.com/wisconsin/whitecap-mountain/ski-resort.html,,,Check fast eight lift info.,,,
Wilmot Mountain,1,0,1,0,0,Wisconsin,1030,230,800,0,0,0,0,3,2,2,3,10,23,2,0.5,135,135,125,139,132,1,135,,,,81,70,56,66,http://www.onthesnow.com/wisconsin/wilmot-mountain/ski-resort.html,,,Check fast eight lift info.,,,
Grand Targhee Resort,0,0,0,0,1,Wyoming,9920,2270,7851,0,0,0,2,2,0,0,1,5,95,1,2.7,2602,0,152,152,152,0,,,,,50,500,90,90,http://www.onthesnow.com/wyoming/grand-targhee-resort/ski-resort.html,,,,,,
Hogadon Basin,0,0,0,0,0,Wyoming,8000,640,7400,0,0,0,0,0,0,1,1,2,28,1,0.6,92,32,121,95,108,0,,,,,61,80,48,48,http://www.onthesnow.com/wyoming/hogadon/ski-resort.html,,,Check fast eight lift info.,,,
Jackson Hole,1,1,0,1,1,Wyoming,10450,4139,6311,3,0,0,4,4,1,2,1,15,130,6,4.5,2500,195,130,133,131.5,0,,,,,54,459,143,143,http://www.onthesnow.com/wyoming/jackson-hole/ski-resort.html,Check adult weekday price info.,Check adult weekday price info.,,,,
Meadowlark Ski Lodge,0,0,0,0,0,Wyoming,9500,1000,8500,0,0,0,0,0,1,1,1,3,14,1,1.5,300,0,,113,113,0,,3.1,,,9,,48,48,http://www.onthesnow.com/wyoming/meadowlark-ski-lodge/ski-resort.html,Check adult weekday price info.,Check adult weekday price info.,Check fast eight lift info.,Check snowfall info.,,Check days info
Sleeping Giant Ski Resort,0,0,0,0,0,Wyoming,7428,810,6619,0,0,0,0,0,1,1,1,3,48,1,1,184,18,61,77,69,0,,,,,81,310,42,42,http://www.onthesnow.com/wyoming/sleeping-giant-ski-resort/ski-resort.html,,,,,,
Snow King Resort,0,0,0,0,0,Wyoming,7808,1571,6237,0,0,0,0,1,1,1,0,3,32,2,1,400,250,121,123,122,1,110,,,,80,300,59,59,http://www.onthesnow.com/wyoming/snow-king-resort/ski-resort.html,,,Check fast eight lift info.,,,
Snowy Range Ski & Recreation Area,0,0,0,0,0,Wyoming,9663,990,8798,0,0,0,0,0,1,3,1,5,33,2,0.7,75,30,131,,131,0,,,,,59,250,49,49,http://www.onthesnow.com/wyoming/snowy-range-ski-recreation-area/ski-resort.html,,,,,,Check days info
White Pine Ski Area,0,0,0,0,0,Wyoming,9500,1100,8400,0,0,0,0,0,2,0,0,2,25,0,0.4,370,0,,122,122,0,,,,,81,150,49,49,http://www.onthesnow.com/wyoming/white-pine-ski-area/ski-resort.html,Check adult weekday price info.,,Check fast eight lift info.,,,Check days info
